sample_name	species	family	dm-LD1	dm-LD2	dm-LD3	dm-LD4	dm-LD5	dm-LD6	dm-LD7	dm-LD8	dm-LD9	dm-LD10	dm-LD11	dm-LD12	pa2r-LD1	pa2r-LD2	pa2r-LD3	pa2r-LD4	pa2r-LD5	pa2r-LD6	pa2r-LD7	pa2r-LD8	pa2r-LD9	pa2r-LD10	pa2r-LD11	pa2r-LD12	weight
synthetic_A.gressitti_1	A.gressitti	Sarcophagidae	-7.780793604	-8.455041654	1.525967896	-3.505075453	-2.462311828	-1.536256008	-0.261194883	-1.135747634	0.324970146	-1.296200272	-0.348918694	-0.871992772	-1.320336785	8.699428522	-2.308955881	0.65071899	1.598004656	0.678639149	4.572854387	1.719696791	-0.658700497	-2.307737376	-1.454259227	-1.425035904	1
synthetic_A.gressitti_2	A.gressitti	Sarcophagidae	-7.445496533	-8.433094794	1.766961491	-3.109107295	-3.388500874	-1.758879786	0.042242592	-1.264974881	0.300763424	-0.81178522	-0.519758171	-0.585290409	-1.475725591	8.640735115	-2.184240037	0.629024802	1.678027371	0.42256461	4.550827313	1.603255634	-0.829734278	-2.242236816	-1.460035812	-1.252036331	1
synthetic_A.gressitti_3	A.gressitti	Sarcophagidae	-7.091735798	-5.901552349	1.791673192	-2.465262868	-1.78639824	-0.960561124	0.415654472	-0.630671613	-0.890585846	-0.604280371	-1.73867996	0.749000624	0.850084522	8.507218795	-0.181131457	-1.448810512	1.528412183	0.270640588	7.30870243	-0.607076653	0.064501172	0.422917832	-0.227129181	-2.369928968	1
synthetic_A.gressitti_4	A.gressitti	Sarcophagidae	-7.557352143	-8.458953389	1.45901471	-3.435303294	-2.314851766	-1.405700731	-0.124855279	-1.020521578	0.15900847	-1.267712155	-0.537481967	-0.929781237	0.564722585	7.668283346	-2.477205005	-1.392920097	-0.37408977	-1.149596965	5.619028343	0.355727254	-2.221621443	-0.496998927	0.434186306	-0.509985089	1
synthetic_A.gressitti_5	A.gressitti	Sarcophagidae	-8.269600553	-6.465003559	2.296472585	-3.429040858	-1.119137697	-1.187263848	-0.242252698	-1.216828864	-0.157146304	-1.326875318	-0.914168634	0.795296543	0.160227404	7.207403654	-2.736314904	-0.693253182	0.219354583	-1.554236483	5.143936105	1.483993389	-1.8614081	-1.460760573	-0.056556826	-0.930048866	1
synthetic_A.gressitti_6	A.gressitti	Sarcophagidae	-8.616281916	-5.526661894	1.771414327	-2.97802989	-1.214780016	-1.353918548	-0.992733043	-0.96474788	-0.490009952	-1.862372101	-1.280224309	1.301542033	-1.06357181	8.177717482	-2.345702752	0.569027509	1.620369617	0.026924286	4.668483355	2.037906573	-0.653127652	-2.398039708	-1.330527577	-1.611286385	1
synthetic_A.gressitti_7	A.gressitti	Sarcophagidae	-8.008856255	-5.262894975	2.960220595	-1.719266359	-7.658275296	-4.029872718	2.03894177	-0.566927145	2.465677971	-0.240386781	-1.248662426	-0.166920733	-0.791104968	6.640626269	0.211644541	-0.459573008	0.855667332	-1.021762147	5.136585873	1.589818297	-1.766277683	-0.953390818	-0.626222494	0.770587443	1
synthetic_A.gressitti_8	A.gressitti	Sarcophagidae	-8.471625127	-6.054990038	2.969055625	-2.438975773	-6.719632325	-3.765660623	1.813335033	-0.790215293	1.244538637	-1.149116517	-1.025056477	-0.067302073	-1.53169115	7.380768969	-0.250315662	-0.702733941	2.646583134	-0.61767	4.649559783	0.604602034	-1.241936756	-0.493907892	-1.069351552	0.308435412	1
synthetic_A.gressitti_9	A.gressitti	Sarcophagidae	-9.3847189	-6.177979226	3.056748209	-4.26373372	-7.524954575	-4.458447846	2.057991326	-1.35428178	0.963847721	-0.610840844	-0.9734911	1.187487274	-1.563947299	7.719356206	-1.779781114	0.444132898	1.847605173	-1.226273416	4.642378111	1.703410613	-1.37952023	-2.150172779	-1.279963699	-0.902897151	1
synthetic_A.gressitti_10	A.gressitti	Sarcophagidae	-7.990954337	-6.080991946	1.858733613	-2.577756706	-2.194392425	-1.536722731	-0.634839855	-1.024528362	-0.602335373	-1.520827779	-1.61375475	1.256072869	-0.331946803	6.636860588	-1.934417581	0.304570159	1.156927986	-1.706696348	5.051475011	2.876508339	-0.965918541	-2.492591891	-0.860344675	-1.536196917	1
synthetic_A.gressitti_11	A.gressitti	Sarcophagidae	-9.047062854	-5.190282594	1.918319944	-3.235728347	-1.133768053	-1.402163918	-1.008558967	-1.093173431	-0.124121525	-1.613640462	-0.704704426	1.29324969	-0.041145709	6.470746934	-0.659852322	-0.202949717	-0.813982768	-1.535563331	5.466476812	2.271626546	-2.315399581	-1.638318658	-0.143627594	0.485165014	1
synthetic_A.gressitti_12	A.gressitti	Sarcophagidae	-7.955557191	-6.117379688	1.88647706	-2.553111866	-2.315235016	-1.566250332	-0.589174594	-1.046588942	-0.576923963	-1.448195907	-1.594561084	1.249136715	0.265289176	7.296634254	-2.794365766	-0.900944594	-0.072465828	-1.516447323	5.186990638	1.200838748	-2.105645148	-1.224673555	0.130668733	-0.693041199	1
synthetic_A.gressitti_13	A.gressitti	Sarcophagidae	-8.955871325	-6.096218055	3.018329123	-3.36140214	-7.14001244	-4.136927008	1.956018879	-1.055721834	1.124643707	-0.912727839	-0.998830283	0.538888916	-1.292815872	7.612136769	-1.97129437	0.92876963	1.335436588	-1.179751904	4.331070244	1.972486885	-1.552720836	-2.111366876	-1.254052238	-0.228005035	1
synthetic_A.gressitti_14	A.gressitti	Sarcophagidae	-9.125328753	-5.788251197	3.051956466	-3.753501041	-7.861230745	-4.531983149	2.160985259	-1.161672537	1.556649702	-0.344019904	-1.074692489	0.956478874	-1.237673305	7.888329151	-1.605232754	0.097878074	2.168405864	-0.9000067	4.521604474	1.473825159	-1.383604331	-2.122403425	-1.101990074	-0.806678442	1
synthetic_A.gressitti_15	A.gressitti	Sarcophagidae	-7.990234521	-4.998504936	2.971681891	-1.740288932	-8.110104322	-4.231724465	2.159834426	-0.567346147	2.85664605	0.146681784	-1.318992474	-0.022748723	-0.190291399	8.001980205	-1.166000479	-0.330675122	2.187897598	-0.202196675	4.135389705	1.292506915	-1.612274867	-2.0078312	-0.596959274	0.066138906	1
synthetic_A.gressitti_16	A.gressitti	Sarcophagidae	-7.917758253	-4.74386333	2.973318311	-1.77359397	-8.605219149	-4.417610417	2.254708468	-0.618544308	3.254632992	0.685105207	-1.400633253	0.219137325	-0.060407845	8.199801985	-0.744123094	-1.084559492	2.881599035	0.107983187	4.256067708	0.822611009	-1.491899574	-1.900095992	-0.423530345	-0.233537214	1
synthetic_A.gressitti_17	A.gressitti	Sarcophagidae	-8.975354561	-5.455867376	2.095812897	-3.399523957	-1.096761106	-1.354003701	-0.774323596	-1.183377604	0.01190804	-1.424094891	-0.540188248	1.133608715	0.215356283	7.431668774	-2.754555245	-0.670887642	-0.423978911	-1.382504835	4.981817794	1.052963603	-2.418907664	-1.044722369	0.144537838	-0.002833231	1
synthetic_A.gressitti_18	A.gressitti	Sarcophagidae	-8.593149227	-6.002371154	2.20448136	-3.415509012	-1.108879284	-1.26370473	-0.486177397	-1.201493336	-0.079644358	-1.371445046	-0.742719579	0.950393721	-0.068981737	7.400184113	-2.582983702	0.04665827	-0.21437022	-1.304996925	4.646686855	1.485003771	-2.266042291	-1.337891826	-0.240439601	0.305923649	1
synthetic_A.gressitti_19	A.gressitti	Sarcophagidae	-9.570010869	-6.124125966	2.839542272	-4.278139867	-7.406509713	-4.381421087	1.791088979	-1.232030074	0.733633028	-0.797768426	-0.917974849	1.186520111	-0.37131767	7.66090248	-2.1222289	1.718949328	0.216024171	-1.108353217	3.981151258	2.325193368	-1.893307422	-1.846376554	-1.060377313	0.876243526	1
synthetic_A.gressitti_20	A.gressitti	Sarcophagidae	-8.090900357	-6.758733912	2.066607572	-2.442851186	-5.765944304	-2.620694665	0.158822177	-1.210546852	-0.406093776	-0.260116785	-0.855800007	1.079759072	-0.148748362	8.696223126	-1.780392581	0.82436296	1.189037412	-1.138346039	4.753585373	1.375342309	-1.494137161	-1.533295356	-0.980531131	-0.798334928	1
synthetic_A.gressitti_21	A.gressitti	Sarcophagidae	-8.797050001	-5.817080241	1.104520387	-3.49357272	-1.128273416	-0.176134622	-0.664978586	-1.445583066	0.259229599	-1.173855636	-1.605905469	0.900540227	-1.258753621	8.910346531	0.002623658	0.318889056	1.312193799	0.093810117	3.695278945	1.71848308	-1.414164024	-1.286622299	0.131629511	1.300833953	1
synthetic_A.gressitti_22	A.gressitti	Sarcophagidae	-7.864843322	-6.586246035	1.62056625	-2.780704945	-3.206482274	-0.913678016	0.023461721	-1.605112204	0.242881055	-0.311555518	-1.614599846	0.887776763	-0.415265855	8.494917445	-0.912660189	-0.425528533	0.320549927	-0.32512729	4.208923098	1.26798864	-1.936863696	-0.884988903	0.585217211	1.071692911	1
synthetic_A.gressitti_23	A.gressitti	Sarcophagidae	-8.453312324	-5.653918215	1.715838172	-2.880539476	-1.245427813	-1.335666747	-0.986745906	-0.916162955	-0.62842993	-1.956470262	-1.497950378	1.304679126	-1.230249397	8.516383367	-2.32184872	0.62205709	1.605851524	0.449981446	4.606406331	1.831342423	-0.656745234	-2.33942044	-1.410847305	-1.490382898	1
synthetic_A.gressitti_24	A.gressitti	Sarcophagidae	-9.375455472	-6.064349182	0.807179121	-3.568453554	-3.197496606	-1.175256786	-0.705821582	-0.997681028	-0.477717996	-1.471087925	-1.368138621	0.921084551	0.587223626	9.856648325	-0.328191487	0.834123531	0.45557932	-0.105751674	4.094302055	1.328864847	-1.592714086	-0.66315963	0.242254655	1.003474435	1
synthetic_A.gressitti_25	A.gressitti	Sarcophagidae	-7.012075484	-6.611268517	2.293115904	-2.117691098	-4.036460437	-1.781362111	0.580744865	-1.223087023	-0.302279571	0.08732336	-1.347101893	0.921580491	0.158382185	7.513692003	-1.46906375	-0.427339818	1.615272161	-0.874967519	5.954772466	1.38900041	-0.33505713	-1.32110084	-0.663531967	-2.226214692	1
synthetic_A.gressitti_26	A.gressitti	Sarcophagidae	-8.752560682	-5.420247353	1.817888334	-3.059553524	-1.189151653	-1.369181107	-0.997739619	-1.005375666	-0.374260116	-1.783685145	-1.09815697	1.298918727	0.144297383	6.83940282	-1.495950659	-0.603969525	-0.734505139	-1.502872557	5.3912561	1.680407014	-2.402258178	-1.324248151	0.085380135	0.205598978	1
synthetic_A.gressitti_27	A.gressitti	Sarcophagidae	-9.342711577	-6.479590662	1.468981224	-3.551695187	-4.036988684	-2.291769678	-0.502060897	-0.65464269	-1.041341852	-1.708906168	-0.754696185	0.900263361	1.71872249	9.654903122	-1.321737674	0.554878366	0.890764772	-0.563793594	4.736123356	0.823860185	-1.680558817	-0.939253789	-0.345694722	-0.397436404	1
synthetic_A.gressitti_28	A.gressitti	Sarcophagidae	-7.111251902	-7.564180277	2.380420341	-2.259693713	-4.981746573	-2.19530892	0.491452753	-1.540633444	0.194490025	0.151696492	-0.878807011	0.523212788	-0.33086396	6.441222646	-0.490351838	0.528665215	-0.598820522	-1.455977615	5.122847348	2.709569614	-2.159547425	-1.936133284	-0.536051622	0.799190007	1
synthetic_A.gressitti_29	A.gressitti	Sarcophagidae	-7.984924436	-4.923112725	2.97495014	-1.746283629	-8.238945746	-4.289283553	2.194307603	-0.567465627	2.968132656	0.257056422	-1.339047457	0.018362684	-0.47424524	6.381271349	0.126911008	-0.138987991	-0.074650124	-1.311809299	5.347584941	2.224947173	-2.020630063	-1.463595144	-0.472422256	0.745456995	1
A.gressitti.1.png	A.gressitti	Sarcophagidae	-7.606685374	-8.852127176	1.47112212	-3.518735388	-2.620161148	-1.548412662	-0.174388159	-1.13203906	0.352013569	-1.276422453	-0.346607547	-1.119863979	-1.429826392	8.921896311	-2.293286296	0.685553835	1.5884678	0.956543111	4.532076325	1.584005917	-0.661076868	-2.269230695	-1.507020821	-1.345615057	1
A.gressitti.10.png	A.gressitti	Sarcophagidae	-7.160071886	-5.29272691	1.361513795	-2.76342507	0.143803107	-0.25644229	0.274032743	-0.122471873	-1.395260591	-1.197568172	-2.07459268	0.600954099	1.443456912	9.359509347	0.923712956	-2.325072562	1.453899912	1.253393115	8.47016252	-2.319398492	0.407259685	1.919013004	0.147236136	-2.493213332	1
A.gressitti.12.png	A.gressitti	Sarcophagidae	-9.298293505	-4.994106805	2.00399503	-3.386017612	-1.086522025	-1.430300529	-1.017788617	-1.168070976	0.089263933	-1.468580627	-0.369062289	1.288413611	-0.366042625	6.76043432	-2.445529511	0.347103967	1.681126394	-1.743528	4.928269551	2.902357067	-0.637988428	-2.643355534	-0.994397479	-2.117255495	1
A.gressitti.13.png	A.gressitti	Sarcophagidae	-8.062190543	-6.020131373	2.927394432	-1.659055855	-6.364197098	-3.451751504	1.692694537	-0.565727086	1.345910895	-1.348985303	-1.047230964	-0.579842091	-1.497256392	7.218622871	0.400481114	-1.174026586	2.928966458	-0.375365045	4.666354792	0.174374424	-1.199429707	0.183647056	-0.968980654	0.826592988	1
A.gressitti.2.png	A.gressitti	Sarcophagidae	-6.951679786	-7.149350792	2.673292441	-1.854174193	-5.742379845	-2.403665058	0.705910696	-1.672235917	0.143753919	0.611673411	-1.050220933	1.052424582	-0.199341448	6.156258056	0.053397186	0.139147818	-0.881782663	-1.563450815	5.530645263	2.775977555	-2.241303212	-1.906242447	-0.33898697	0.723654112	1
A.gressitti.3.png	A.gressitti	Sarcophagidae	-8.258175223	-5.806292834	1.6492922	-2.763806062	-1.282124979	-1.31381234	-0.979577007	-0.857988167	-0.794171727	-2.069141847	-1.758651982	1.308435429	0.455603637	7.45827129	-2.899522172	-1.277167823	-0.601084785	-1.447994037	5.2649819	0.687917427	-2.548069079	-0.79701302	0.469819033	-0.263712952	1
A.gressitti.5.png	A.gressitti	Sarcophagidae	-9.478136579	-6.140682959	3.071471174	-4.356249889	-7.593397368	-4.537342196	2.109905096	-1.342073781	0.995335607	-0.657779853	-0.970545022	1.192673069	-1.616341982	7.779372093	-1.850166855	0.455842943	1.952401301	-1.213327332	4.608272677	1.662228902	-1.346431668	-2.159538598	-1.316092942	-0.965349351	1
A.gressitti.6.png	A.gressitti	Sarcophagidae	-7.96416147	-4.628321622	2.98772932	-1.769723496	-8.742728635	-4.514345358	2.329101182	-0.567932808	3.404056461	0.688632324	-1.417464452	0.179112409	0.008607662	8.246930525	-0.799101358	-1.080262159	2.879323856	0.131199637	4.236360571	0.853747468	-1.505947649	-2.000183494	-0.397330974	-0.284457976	1
A.gressitti.7.png	A.gressitti	Sarcophagidae	-7.692232601	-7.290564426	2.460629602	-3.453188241	-1.137443688	-1.050856196	0.193027415	-1.244194894	-0.295447411	-1.247341281	-1.220117006	0.518527862	-0.739210086	7.325969933	-2.178563246	1.7380241	0.279709634	-1.122298887	3.856731801	2.503388749	-1.905715149	-2.028937225	-1.147890505	1.033710998	1
A.gressitti.8.png	A.gressitti	Sarcophagidae	-10.35350798	-5.982929164	0.861669878	-3.612023412	-5.812745711	-3.05173748	-0.92775112	-0.293585534	-1.498147075	-1.991580551	-0.469660327	1.134048143	2.766041441	10.51718229	-1.641813793	1.556281097	-0.327080708	-0.989425586	5.042191128	0.805556434	-1.787495252	-0.28951275	-0.314071334	-0.466627342	1
A.gressitti.9.png	A.gressitti	Sarcophagidae	-8.60751042	-6.128278368	0.764394191	-3.534243471	-1.144061234	0.298114077	-0.53156745	-1.550521135	0.323500199	-1.062408703	-2.073603774	0.753870279	-1.123535614	9.338011765	0.703235503	0.267101488	1.07010655	0.588089408	3.350040658	1.739754963	-1.439776251	-0.956538841	0.679069436	2.157765622	1
synthetic_B.karnyi_1	B.karnyi	Sarcophagidae	-2.775168646	-7.436067074	1.328772204	-0.476528258	2.126208891	1.825242609	-0.281685661	0.150136364	-0.493717612	0.598051458	-1.334949512	-0.125001338	0.877513055	9.1242341	-0.848757246	-2.285311524	0.992588832	-0.584186319	-1.688496896	-0.925818901	-0.027383813	-0.263561586	0.525358535	-0.587819009	1
synthetic_B.karnyi_2	B.karnyi	Sarcophagidae	-4.346904181	-7.241207214	1.370929388	-1.46896607	1.289629991	0.969508249	-0.946026279	0.429466823	-1.246204144	0.634807846	-1.432441655	-0.144322267	0.732166909	9.877030695	-1.417986883	-1.844594778	1.602986879	0.269526452	-2.26588636	-1.648939219	-0.036633244	-1.262106279	0.334199121	-1.149682977	1
synthetic_B.karnyi_3	B.karnyi	Sarcophagidae	-4.764438466	-7.284104327	1.169177998	-0.97068921	1.164481892	1.534194811	-0.986009948	1.25255547	-1.017955422	0.03371332	-0.685010215	0.518611352	0.291973437	9.923252779	-0.884884164	-1.881287697	1.070669571	-0.568136887	-1.40511916	-1.425200165	0.187433701	-0.620216129	1.060152731	-1.198384528	1
synthetic_B.karnyi_4	B.karnyi	Sarcophagidae	-2.55056821	-7.253269167	0.952859935	-0.356799661	1.944539189	1.955137644	-0.459989588	0.847675472	-0.908882198	0.537236647	-0.585612314	-0.441180883	0.109635041	10.41919204	-1.433686197	-1.948194463	1.223383429	0.228842163	-1.91127955	-2.010959237	0.211601681	-1.487017434	0.84218263	-1.492297111	1
synthetic_B.karnyi_5	B.karnyi	Sarcophagidae	-3.656935701	-6.972344886	0.643883218	-0.795674494	1.296852208	1.624143013	-1.076308854	1.128915775	-1.467712011	0.46754049	-0.315493542	-0.281346741	0.979401354	8.463397197	-1.06037312	-2.043660112	0.407371058	-0.607708307	-1.293185939	-1.066225008	0.003262475	-0.409538697	0.561922609	-0.359114708	1
synthetic_B.karnyi_6	B.karnyi	Sarcophagidae	-6.668646287	-5.90178338	2.432865587	-1.791349899	0.245651365	-0.070593786	-0.297249505	2.007174032	-0.380182257	0.444128293	-1.161035629	0.363385516	0.652788912	8.824284052	-1.036227464	-2.506428112	1.161598763	-0.579717361	-1.475073616	-0.970895326	-0.09796919	-0.233767632	0.501207643	-0.868953673	1
synthetic_B.karnyi_7	B.karnyi	Sarcophagidae	-3.33840315	-7.005545175	0.67282044	-0.502502343	1.453825158	1.912303368	-0.875493458	1.698350488	-1.3240333	0.239744816	0.206864239	-0.334739655	0.05416006	12.60187586	-0.713046108	-2.695472834	1.993188451	0.431949105	-0.617924361	-1.971899443	1.014910621	-0.418416742	1.436714593	-2.89155807	1
synthetic_B.karnyi_8	B.karnyi	Sarcophagidae	-5.424682557	-6.831954609	1.79547568	-1.934703661	1.114440252	0.37578881	-0.498274528	0.418472373	-1.579324509	1.160620223	-0.672397859	0.899913815	0.270011691	12.78265875	-0.838524189	-2.728646923	1.973759835	0.612177669	-0.814670733	-2.052574719	1.043648538	-0.603367204	1.495761325	-2.786878495	1
synthetic_B.karnyi_9	B.karnyi	Sarcophagidae	-3.761323451	-6.492632099	-0.955283321	-0.599269954	2.993207512	1.335514988	-0.62487156	1.103280786	-1.255507095	0.788579972	-0.723622399	0.148390951	0.983256005	11.50806687	-1.882461495	-2.645374102	0.787181498	0.624859266	-1.626350363	-1.840281008	0.345419781	-0.948367555	1.395435809	-1.751610826	1
synthetic_B.karnyi_10	B.karnyi	Sarcophagidae	-4.946428822	-5.889519412	0.856668539	-0.975897503	1.21463309	0.882625373	-0.263256877	1.060125769	-0.911778849	0.648034399	-2.051299754	0.271364456	1.405453184	9.308428882	-0.552460364	-2.466852085	1.825408818	0.481863065	-1.770273745	-2.010644844	1.197737702	-1.789487135	0.826503401	-1.17696981	1
synthetic_B.karnyi_11	B.karnyi	Sarcophagidae	-4.181805994	-6.361138574	0.085369969	-0.814291589	2.932611347	1.387657201	-0.424069378	1.330270129	-1.289337041	0.638537932	-0.94807648	0.227954866	1.219409161	11.29762241	-1.266887728	-2.400545364	1.502643056	0.663189682	-2.082729812	-1.800099488	0.455539185	-0.8909355	1.008460907	-2.155063056	1
synthetic_B.karnyi_12	B.karnyi	Sarcophagidae	-3.925889966	-7.132775609	-0.279482119	-1.445324121	3.078725936	0.719361504	-1.268061096	0.219770298	-1.652545801	0.668614026	-0.337945693	0.222905645	-0.105820149	9.955379102	0.428734651	-0.916228822	-0.141966672	0.194949869	-1.523196175	-0.38065012	-0.734796554	0.50423959	0.596391504	1.143517506	1
synthetic_B.karnyi_13	B.karnyi	Sarcophagidae	-3.96894269	-7.419817422	1.494734063	-1.289380389	1.684031981	1.213997949	-0.643089319	0.726244408	-1.078466263	1.157736339	-0.734962118	0.158883492	1.265269196	8.13436246	-0.185689386	-1.629731472	1.409791205	-0.60189325	-1.702336303	-1.380872417	1.030625099	-1.439736639	-0.147058846	-0.812399091	1
synthetic_B.karnyi_14	B.karnyi	Sarcophagidae	-4.515119415	-7.048968887	2.085930813	-1.929315333	2.077284894	1.000097544	-1.222786982	0.432535982	-0.640202782	1.241001248	-1.338093202	0.411908804	1.188993442	11.27383307	-1.220901728	-2.37942498	1.52898017	0.623934744	-2.121931988	-1.806878843	0.532979462	-0.884297931	1.013722185	-2.197222839	1
synthetic_B.karnyi_15	B.karnyi	Sarcophagidae	-3.596179228	-5.74841952	-0.998644541	-1.192839926	2.955329676	2.495892231	-1.298529541	0.831931002	-2.721420177	2.884663533	-0.772017257	-2.676854296	1.291682311	11.24787097	-1.229080955	-2.009235425	1.491075714	0.958316881	-2.177122029	-1.04176152	-0.08381002	-1.518681497	0.66002882	-1.344275271	1
synthetic_B.karnyi_16	B.karnyi	Sarcophagidae	-3.210947604	-7.524472603	-0.358752582	-0.911022484	2.324889376	1.683227014	-0.191835829	1.065218659	-1.817462799	1.285022319	0.125789636	-0.164057628	1.036782584	10.99664199	-0.851732058	-2.105637178	1.71201881	0.172829675	-2.312111096	-1.762981388	0.921347514	-0.857091267	0.982234761	-2.147969332	1
synthetic_B.karnyi_17	B.karnyi	Sarcophagidae	-4.196331962	-6.791761424	0.655269849	-1.24138058	1.129453798	1.17531745	-1.34358709	0.183407037	-1.55833229	0.814120441	-1.037279839	-0.201993098	1.382688287	8.162780002	-1.331641715	-1.36149615	-0.662973072	-0.30301547	-1.237961707	-1.475307628	0.172959152	-1.060175198	0.572018141	0.272037953	1
synthetic_B.karnyi_18	B.karnyi	Sarcophagidae	-3.821609635	-7.440159464	1.134468074	-1.215838189	1.808596743	1.305202962	-0.555378256	0.792131526	-1.222106531	1.182477175	-0.56765604	0.096112766	1.226243474	10.77889923	-0.81645215	-1.84823839	1.666526368	-0.171915382	-2.054030171	-1.540673506	0.440888928	-0.912343841	0.815677974	-1.283185633	1
synthetic_B.karnyi_19	B.karnyi	Sarcophagidae	-3.524437306	-6.028005428	-1.094514802	-0.019429227	2.847023457	1.892989591	-0.182374483	1.571532929	-0.867218198	0.808954215	-0.59223635	-0.026995285	0.614680499	8.799664168	-1.021959135	-2.479026491	0.962832807	-0.76142738	-1.266232462	-0.856991092	-0.13885892	0.017280629	0.618567527	-0.927775026	1
synthetic_B.karnyi_20	B.karnyi	Sarcophagidae	-5.731597699	-7.331129728	1.43449331	-1.39206436	0.980618765	1.167945114	-1.154547222	0.575975417	-0.861233282	0.064806245	-1.431387896	1.004565589	1.189422376	10.52943932	-1.032580468	-1.778684717	0.75251259	0.358150374	-2.814838029	-1.545088298	0.194472528	-1.398756016	0.361568054	-0.268145244	1
synthetic_B.karnyi_21	B.karnyi	Sarcophagidae	-4.163966167	-5.424718031	-0.601766174	-1.577788379	3.265902667	1.910898976	-2.035916193	0.287246869	-2.522200707	2.599687459	-1.248919919	-2.521842318	0.916829617	10.94944405	-0.655084261	-1.727175153	1.818177479	0.484478348	-2.669507801	-1.088719793	0.853069338	-1.467048938	0.708308752	-1.828831751	1
synthetic_B.karnyi_22	B.karnyi	Sarcophagidae	-5.276805219	-7.737321962	2.189464525	-1.679437536	1.277143209	0.829038675	-0.616971532	0.805491059	-0.694844086	0.145015348	-1.841077946	0.521909599	1.404832122	10.33833323	-0.672818139	-1.064840688	1.365335836	-0.192681287	-2.49661411	-1.234625215	0.07680283	-0.852948337	0.500612357	-0.441084431	1
synthetic_B.karnyi_23	B.karnyi	Sarcophagidae	-3.084961844	-7.241211844	-1.103748861	-0.605765855	2.624140559	1.843160671	-0.049760216	1.310283797	-1.844799443	1.239477536	0.130684926	-0.202687829	1.084584388	9.571829068	-0.748437073	-0.379524067	0.309411882	-1.477111508	-2.118959768	-0.275017894	0.300060748	-0.803317624	-1.023030148	-0.733475213	1
synthetic_B.karnyi_24	B.karnyi	Sarcophagidae	-4.187083186	-6.748343769	0.557749948	-1.189341707	2.864172707	1.284641691	-0.485854181	1.097164315	-1.58648644	0.662419525	-0.655259628	0.193219224	0.938386164	11.02944225	-0.775051346	-2.004426094	1.76920515	0.392384862	-2.530308787	-1.524855954	1.009282666	-1.108193775	0.90414829	-2.221107807	1
synthetic_B.karnyi_25	B.karnyi	Sarcophagidae	-3.324885412	-7.022624068	0.829850718	-0.871149805	1.607479473	1.485779549	-0.90767101	0.089121414	-1.189733919	0.819596013	-1.121259457	-0.331282372	0.993791034	9.951382924	-1.090601846	-1.397398168	1.724179512	-0.035149455	-2.234038409	-1.432669116	-0.040265088	-0.974353459	0.425513856	-0.998071182	1
B.karnyi.1.png	B.karnyi	Sarcophagidae	-6.249584789	-7.50099278	1.700831148	-1.445244187	0.925998072	1.156597658	-1.085895903	0.71758085	-0.625673263	-0.181873801	-1.55897025	1.401417737	1.474770816	10.78073747	-0.736356971	-1.524086252	0.538628662	0.228192101	-2.9770697	-1.398513264	0.267867495	-1.29326543	0.418087145	0.098073177	1
B.karnyi.10.png	B.karnyi	Sarcophagidae	-4.654878729	-7.888414134	2.501862164	-1.829164207	1.501640586	0.619620617	-0.317174439	0.861694632	-0.739067019	0.354005162	-2.021437663	-0.04038573	1.360118265	10.05549124	-0.632195902	-0.77123154	1.893873961	-0.461757978	-2.189444771	-1.129846783	-0.04535041	-0.571440715	0.553373144	-0.785783692	1
B.karnyi.11.png	B.karnyi	Sarcophagidae	-3.345431141	-7.07687471	0.661201308	-0.517267903	1.392345156	1.894976181	-0.89057228	1.763705712	-1.392767821	0.239699557	0.150029181	-0.324880434	-0.108680333	11.12714912	-0.889515213	-1.292848274	1.024566001	-0.336792421	-1.476990165	-2.028030627	0.471191327	-1.234783704	1.542607341	-1.59938199	1
B.karnyi.12.png	B.karnyi	Sarcophagidae	-1.808268858	-7.417998814	1.225231436	-0.206943042	2.46021712	2.011320682	-0.057880947	-0.0077785	-0.456995502	0.815097873	-1.272606489	-0.549790488	0.313513414	9.758051529	-1.941871637	-2.56020319	1.409053237	0.757071834	-2.316849764	-1.995016763	-0.030821533	-1.722571171	0.188076383	-1.392293661	1
B.karnyi.13.png	B.karnyi	Sarcophagidae	-4.14157837	-6.809716085	0.616939519	-1.228822932	1.148283092	1.2027774	-1.365280126	0.141301694	-1.584311114	0.822018247	-1.039759585	-0.21361648	1.396514575	8.152473643	-1.340941886	-1.338108843	-0.699668746	-0.292569382	-1.2360684	-1.489332615	0.178777033	-1.082481618	0.572364256	0.293676389	1
B.karnyi.15.png	B.karnyi	Sarcophagidae	-6.855096447	-5.919906044	2.516541697	-1.851163931	0.215127309	-0.158102667	-0.290200991	2.227988681	-0.296833754	0.430613062	-0.916866514	0.362423464	0.711301415	8.663243621	-0.880037265	-2.497153895	1.118921998	-0.810264165	-1.329898294	-0.794272172	-0.109549683	0.022996037	0.555211229	-0.778696838	1
B.karnyi.16.png	B.karnyi	Sarcophagidae	-3.210983476	-5.712318366	0.883478938	-0.234798114	2.568476844	2.226450694	-0.602109696	0.513439824	-0.077854931	0.240565364	1.23730163	-0.513490424	0.096940779	9.53066879	-1.7824424	-2.381891443	0.126434464	-0.499737215	-0.925081375	-1.193068183	-0.295911422	-0.013345181	0.958059981	-1.726605166	1
B.karnyi.17.png	B.karnyi	Sarcophagidae	-5.397663585	-7.00370413	1.770224341	-2.01602438	1.22921061	0.365664894	-0.524844469	0.367317967	-1.698086307	1.266486009	-0.356453571	0.987998988	0.051800437	12.77127212	-0.654062224	-2.712768806	2.096151593	0.483337425	-0.600982733	-2.014856851	1.087210643	-0.440758968	1.463115385	-2.955812499	1
B.karnyi.2.png	B.karnyi	Sarcophagidae	-3.582934259	-6.086919148	-1.463649251	0.020763051	2.899006003	1.830758868	-0.104043231	1.768994937	-1.014529673	0.915027304	-0.933665891	0.063794747	1.585321181	12.85129384	-1.950403478	-2.824355269	1.23602043	1.388786545	-2.102715458	-2.279926285	0.781069731	-1.583519015	1.692540888	-1.768596924	1
B.karnyi.20.png	B.karnyi	Sarcophagidae	-5.587544509	-5.796701978	1.947682888	-1.444527693	0.422640275	0.436812625	-0.338119197	0.726815204	-0.863465371	0.522494229	-2.576811643	0.368963816	1.32087918	7.642572366	0.104853046	-2.298753946	2.102539473	0.055427283	-1.61395952	-1.884028604	1.393655148	-1.886333427	0.419292229	-0.898786505	1
B.karnyi.3.png	B.karnyi	Sarcophagidae	-4.532753703	-6.52183522	0.993118181	-1.30364598	2.952304577	1.127993059	-0.611609441	1.073170891	-1.45037823	0.476511064	-0.956521298	0.324155127	0.954904345	11.09074264	-0.866978776	-2.216875755	1.731679021	0.321816193	-2.423644467	-1.859054926	1.12898458	-0.833213075	1.054214664	-2.521698005	1
B.karnyi.4.png	B.karnyi	Sarcophagidae	-4.023934648	-7.089892297	-0.206905103	-1.512036071	3.131883912	0.606454065	-1.391595989	0.123266311	-1.610255995	0.602433689	-0.414412113	0.272927143	-0.258089587	9.894551421	0.549947347	-0.848479054	-0.318586123	0.26598794	-1.495697314	-0.286571265	-0.80476603	0.651625162	0.590994391	1.300564331	1
B.karnyi.5.png	B.karnyi	Sarcophagidae	-2.947041254	-7.560909735	-1.004069295	-0.779292008	2.548012639	1.846595527	-0.034725758	1.183237178	-2.074754545	1.329338674	0.425472125	-0.276493994	1.141488025	9.229028367	-0.832402077	-0.140567494	-0.13218355	-2.06501011	-1.899052448	-0.260906949	0.222563646	-0.445665622	-1.407688576	-0.620111044	1
B.karnyi.7.png	B.karnyi	Sarcophagidae	-4.694331846	-6.41618409	0.992224373	-2.774724179	3.685491511	1.144783028	-1.853354464	0.250601062	-0.659403653	1.571035487	-1.506432811	0.530099937	1.670771156	11.65065065	-1.949308958	-2.713966807	1.111806581	1.245723571	-1.500978896	-1.699495482	-0.693655984	-0.989435442	0.930384797	-1.529421965	1
B.karnyi.8.png	B.karnyi	Sarcophagidae	-4.30261946	-3.775932838	-0.992740921	-1.642893535	3.398602375	3.202505205	-2.673894833	0.449613488	-3.425169823	4.577283745	-2.075214284	-5.289104939	0.879129631	10.80953616	-0.445275265	-1.242294311	1.903824598	0.645539541	-2.912951285	-0.325966495	0.579869725	-2.094646424	0.365807334	-1.142784865	1
B.karnyi.9.png	B.karnyi	Sarcophagidae	-4.428042585	-7.356430227	2.617347575	-1.518542923	1.295879645	0.929796878	-0.916403005	0.520935632	-0.630873345	1.080642197	-1.256299325	0.354481375	1.41439227	10.56266443	-0.781416569	-1.592622191	1.62134898	-0.51427294	-1.797736561	-1.319905195	-0.03624229	-0.967213769	0.650274659	-0.424390909	1
C.vicina.18.png	C.vicina	Calliphoridae	1.708620526	-2.336955938	-3.566057324	3.636975495	2.868430285	-3.263734411	2.856844234	-1.431621359	-1.214916815	-0.820998667	0.178064268	1.769043892	-0.342399401	-2.19465012	-3.201711316	2.755810349	0.022186883	2.551453916	0.013044049	1.828281354	-0.165088415	-1.343215386	0.490828734	0.296903822	1
C.vicina.15.png	C.vicina	Calliphoridae	3.490674633	-1.113400552	-1.664704756	2.804223678	-1.81441149	0.038641177	0.544285905	-0.6311817	-0.438340775	-0.694193036	-0.810436183	-0.280494676	1.146529884	-1.484411297	-4.464267631	3.651225442	2.128302197	1.507871114	-0.785459734	-1.493609151	-0.659811934	1.437215017	0.659990464	-0.561635459	1
C.vicina.12.png	C.vicina	Calliphoridae	1.032379667	-2.796108505	-4.448419557	0.785553954	1.424209581	-0.721609216	0.174416234	1.845187883	2.049518012	-0.406855546	-1.886975068	-0.282742648	0.366074202	-0.477104109	-3.088330343	4.286942599	-0.16927086	1.598681836	-0.246093979	0.996802008	0.196792905	-0.873001555	0.328421602	-0.19836257	1
C.vicina.42.png	C.vicina	Calliphoridae	0.578349641	-1.331179679	-1.183598867	2.508331407	2.981889204	-1.235282381	-0.860548448	-0.344986451	0.665358639	0.323423285	-0.344211365	-0.290883877	-0.110478975	-2.286632366	-5.175248942	2.102079617	1.494476566	1.277575444	-0.386641493	-0.202353105	-0.433238139	-0.391910718	0.291647805	0.136557625	1
C.vicina.65.png	C.vicina	Calliphoridae	2.083886147	-1.90821511	-2.071559238	2.009030128	-0.405148214	-1.144377543	-0.542161345	-1.135555266	-0.730363477	-1.038938386	1.506790479	0.161148096	0.741463362	-1.852636526	-4.04002452	2.627876502	1.607772602	0.528068109	0.812170565	-0.817572751	-0.181747378	-0.835708415	0.375412651	0.457644763	1
C.vicina.87.png	C.vicina	Calliphoridae	-0.383438974	-2.458612401	-3.245637749	2.257207524	2.609410104	-2.942898969	0.748360051	1.162440228	0.41604238	-0.298223371	-0.204250661	0.394190916	1.230272726	-1.18133639	-5.578817283	2.611366443	-0.824590129	1.015781656	0.823490758	0.350965505	-0.308823865	-0.027073781	-1.52269321	-1.061116244	1
C.vicina.91.png	C.vicina	Calliphoridae	1.22952147	-2.825065975	0.512234315	2.475434189	1.544963998	0.563521752	0.791226868	1.953751492	1.440972658	-0.239799606	0.125887897	-1.553593155	1.594159581	-3.772393888	-5.83099738	2.632518195	-1.4610155	1.29823901	0.746500621	-1.567448817	1.438386489	0.628816142	0.313724393	-0.752851738	1
C.vicina.39.png	C.vicina	Calliphoridae	2.272141632	-0.848573677	-1.756386104	2.90443045	-0.352537853	-0.996855747	0.264251664	-1.007906772	-0.966049207	-0.431464901	0.182081075	-0.38730019	0.957322656	-1.410024553	-6.127012492	3.580503355	0.74540965	1.205638977	1.901875585	1.889087564	1.229454204	-1.819985528	-0.079781245	-1.367380328	1
C.vicina.99.png	C.vicina	Calliphoridae	0.946186654	-3.187005989	-2.285922973	2.709268321	2.338109359	-1.17996519	1.228230911	-0.569157705	-0.464827488	-1.300178658	2.100051769	0.545915475	1.661339582	-2.741518262	-4.47692309	2.052869528	0.744820153	0.336585918	0.872263369	1.411025884	0.945346409	-0.390394692	-2.312864704	-0.272987219	1
C.vicina.13.png	C.vicina	Calliphoridae	1.32346661	-0.515275451	-3.471119288	1.210435024	-0.075985338	2.251334594	-0.055378934	0.855092526	-0.418320823	0.776943082	-1.561777207	-0.519739351	1.38150709	-1.555312062	-3.318522908	2.043471566	-1.62505991	0.951921118	-1.344416934	-0.81940108	0.377880257	-0.428345895	0.167475982	0.041244886	1
C.vicina.70.png	C.vicina	Calliphoridae	1.891338923	-2.336805968	-2.425998316	2.019396503	1.559779637	-0.764426166	-0.452326767	-0.209027309	-0.363568784	0.116190088	-0.849397759	0.065969251	0.476630071	-1.937558975	-3.85275115	3.211186969	-0.278073476	1.699893693	-0.24352826	-0.365176596	0.192062342	0.782696967	0.251172422	-0.543202447	1
C.vicina.4.png	C.vicina	Calliphoridae	1.210373292	-2.438101072	-3.318272991	1.27294048	-0.155912847	-2.111734644	-0.677158373	0.846610508	-0.678421899	1.276063495	-0.301296178	-1.336510158	0.58207768	-1.29180886	-3.483509189	2.192006613	-0.356017148	0.062023707	-0.143157237	0.178010229	0.087803713	-2.003380246	0.034030378	-0.161538129	1
C.vicina.85.png	C.vicina	Calliphoridae	2.314932657	-0.556193203	-1.189887624	2.136847161	2.448619082	-1.37311059	0.385944794	-0.275020739	1.512294573	0.041441522	-0.478126501	-0.147864483	0.681896204	0.487989473	-5.338106649	2.037491038	1.989508967	0.388473748	0.741998591	0.560858099	0.134868228	-0.450580533	-0.805879944	0.292016637	1
C.vicina.40.png	C.vicina	Calliphoridae	1.695412293	-1.128526616	-2.816297238	2.103423477	-0.010126767	0.943541576	0.71588608	-0.53117291	0.244865103	0.523645719	-1.679751405	0.568438864	1.102412363	-0.196606309	-5.26076903	1.426138176	-0.118569839	0.507604449	1.177261451	-0.126766872	0.340893415	-0.289539751	-0.836469404	-0.13458676	1
C.vicina.53.png	C.vicina	Calliphoridae	1.8532035	-1.298968572	-2.796383616	3.074701442	0.117928953	0.382386549	-0.47632408	0.110112455	-0.38917796	-0.165973931	-0.441010674	1.000030393	0.212245139	0.127133505	-4.414915224	1.115416642	0.719084776	2.396424553	0.583211527	-0.110029206	-0.55610629	0.688577371	-0.420649208	-0.460992291	1
C.vicina.88.png	C.vicina	Calliphoridae	2.766703786	-1.342858348	-2.2984493	2.62821487	0.847303253	-1.444946853	-0.762341378	1.601156967	0.780587162	-0.240982276	1.366585894	-1.110252481	1.327895867	-2.051210411	-5.391712735	3.014195593	0.841722182	0.597597507	0.00832244	-1.770380134	0.819572558	-0.567944192	-0.862730062	-0.154596091	1
C.vicina.49.png	C.vicina	Calliphoridae	2.187584566	-2.998618333	-2.413971315	2.033430256	0.822435826	-1.561300117	0.372916439	-0.26795904	-0.566620832	-1.872899671	-0.071598114	-2.163716564	-0.635128687	-0.848199287	-5.158227006	1.171245116	0.975296684	-1.185008746	-0.3361571	0.823045327	-0.020998586	-2.389975723	0.660441713	-0.680508277	1
C.vicina.7.png	C.vicina	Calliphoridae	0.972638696	-3.385119412	-2.296168607	4.118099476	2.943300539	-4.492000719	4.045070076	2.79061292	-3.808270547	-0.058716806	-0.671275384	1.101512644	1.548947113	-1.627042203	-4.013176089	2.248443187	-0.332929864	-0.258495573	0.546907642	0.501612334	1.459594954	1.874278632	0.539558352	0.588412326	1
C.vicina.56.png	C.vicina	Calliphoridae	1.002930802	-1.416331214	-2.261928553	3.101738244	0.811015709	-4.124331187	2.781861839	-0.56130017	-2.897747285	-1.14562179	0.188674718	1.373676817	1.888103042	-1.574430694	-4.031812143	2.639611654	0.185863464	1.836057126	-0.777247374	0.340376205	0.596207843	0.28203695	1.58750913	1.576263062	1
C.vicina.61.png	C.vicina	Calliphoridae	1.261308504	-2.208417734	-2.895627151	3.245412211	2.243648522	-0.591153075	1.495228821	0.226117384	0.267562423	-0.3150467	0.430552296	2.088308817	1.147333074	-0.848095101	-4.398886119	2.575605825	0.425205076	0.778113532	-0.561492733	0.308637809	-0.937444407	0.442000901	-1.694490272	-0.3073974	1
C.vicina.76.png	C.vicina	Calliphoridae	2.073223145	-0.930429377	-2.10170513	2.372557819	0.094090392	-1.85171813	-0.290590219	-0.981265597	-1.393989771	-0.726673309	1.187750656	0.115715212	-0.735806566	0.816464769	-4.787332059	2.078800677	-0.512161801	-0.222147523	-0.956662144	0.161533876	0.565519684	-0.820965879	-1.575135141	-0.928821544	1
C.vicina.92.png	C.vicina	Calliphoridae	1.779181328	-2.264485834	-3.356564759	1.582174584	0.970648079	-1.216401567	-0.295430862	1.092521984	-1.066177844	0.306797711	-0.599428892	0.643159532	0.128896478	-1.957741262	-4.71628233	2.216813001	-0.316610121	0.487746944	-0.706458821	-1.466417617	0.116121127	-1.494976487	1.141828987	-0.313515255	1
C.vicina.43.png	C.vicina	Calliphoridae	2.546262693	-1.013494343	-1.59222136	1.485598767	1.061505985	-0.889377167	0.334058591	0.863769513	0.747251207	0.371751782	-0.719245775	-0.021959257	1.175629203	-2.387421627	-4.946595761	1.806183418	1.865627997	1.567973032	0.483946724	0.508449768	0.17729062	0.245913349	0.97926857	0.441334015	1
C.vicina.78.png	C.vicina	Calliphoridae	2.48309531	-0.272808784	-2.82510308	1.989513776	1.092749769	-0.285207378	0.538477642	-0.244971439	0.49265396	0.014924987	0.936453436	0.014180445	2.453513813	-0.58099313	-5.000303251	1.827882659	-0.393352405	-0.916219184	-0.520712638	-1.080916994	-0.310984414	-0.932573825	-0.386972178	-0.756454375	1
C.vicina.67.png	C.vicina	Calliphoridae	1.330708012	-1.32723523	-2.530082492	2.625762911	-0.546396761	-0.349615567	-0.17466974	1.66926484	-0.615741058	-0.673016645	0.389742431	0.730117088	2.526054369	-0.876890326	-4.067252219	1.193060812	-0.37416705	1.044365817	1.362138546	-1.299662281	0.465916682	0.893728095	-0.894206345	0.122046128	1
C.vicina.17.png	C.vicina	Calliphoridae	0.61811835	-1.892715858	-3.04319715	2.667227858	-0.450954345	-0.003710731	0.559267918	-0.366463195	-1.029124729	-0.520404176	-0.083216752	-0.664840414	0.192058062	-1.445039083	-4.361698077	3.236245413	-0.16518035	2.1865988	0.099687195	-0.284117825	-0.322692773	0.162246437	0.731837676	0.4018108	1
C.vicina.38.png	C.vicina	Calliphoridae	0.633365617	-4.457045486	-2.737013486	3.970475558	1.714078214	-0.83471154	0.612063036	0.022020698	0.16390369	0.383060013	0.884470639	0.499689098	-0.86976339	-1.796113226	-3.996187298	0.037286002	-0.099341513	-0.936856758	-0.351867021	-1.071052616	0.844762949	-1.332703692	0.220784615	-0.121742475	1
C.vicina.50.png	C.vicina	Calliphoridae	-0.251487451	-1.74164945	-0.212583536	2.742868483	1.887238637	0.46477826	-0.165066222	0.385455501	0.962937874	1.388234656	-0.884209137	0.566522726	1.264773467	-1.179683184	-5.180019297	2.021291391	1.307530969	1.829303459	1.003176837	-0.379807109	-0.77071136	0.805422658	1.270536626	0.009101595	1
C.vicina.66.png	C.vicina	Calliphoridae	1.223862162	-1.298815857	-2.791323605	2.178323232	0.599243754	0.849510118	0.035862528	-0.505489329	-0.460214303	0.521749514	-0.492788227	1.118054071	0.458139057	-2.672450026	-6.754294444	5.575865714	1.856382286	1.692194845	1.18648819	-1.966074182	-0.432522875	0.905847927	2.203062527	-2.453910385	1
C.vicina.80.png	C.vicina	Calliphoridae	3.165772058	-1.629254733	-2.219320097	2.095294449	1.865308448	-0.672710425	0.531351031	1.201569909	0.960266317	-0.705422586	-0.090111766	-0.077847641	1.108920422	0.116126019	-4.583980417	0.802303678	-0.675396919	0.703527206	-0.033729878	1.044700991	0.131599136	-0.957052749	-0.812762338	-0.992900126	1
C.vicina.54.png	C.vicina	Calliphoridae	1.534757869	-1.844450931	-2.651307061	2.449914665	1.894731899	-1.606218104	0.168028659	0.321927218	-1.372030159	0.355578572	0.136527058	0.304088371	0.315948299	-1.856373978	-3.660133209	4.416570356	1.410405074	0.203967569	-1.041860676	-0.44393177	0.927431209	-0.58235687	1.253753707	-1.51071928	1
C.vicina.69.png	C.vicina	Calliphoridae	1.44849911	-2.232534182	-3.427497456	3.584425428	2.303283583	-1.494256532	2.166472026	1.158749383	-1.527180216	0.02698596	-1.410716108	2.711484643	0.408481473	-0.20586429	-4.136071987	2.995517329	1.274860953	1.077716292	-0.249386401	-1.532745246	-0.831142011	-0.346198458	0.378042299	1.869904875	1
C.vicina.11.png	C.vicina	Calliphoridae	-0.002583672	-3.400107532	-1.232616544	3.123995741	1.469085596	0.40624376	0.453730215	0.48081055	1.572025377	0.105961806	-0.925618676	-1.490523426	1.044771704	-2.307758018	-4.063851997	1.25531002	-0.530720681	-0.58325221	0.22515699	0.090301612	-0.183408948	-1.308106635	0.162914112	0.086613628	1
C.vicina.22.png	C.vicina	Calliphoridae	1.899252294	-1.44994926	-3.221656862	3.929727035	0.061136337	-0.660511574	0.537124186	0.305307971	-0.982131912	-0.125126598	0.443084662	0.310490702	0.518215201	-0.772575348	-6.596219771	4.018556619	0.270279812	1.055281702	-0.444808577	-0.883308997	-0.536413572	0.336075897	-0.133731083	-0.280581709	1
C.vicina.32.png	C.vicina	Calliphoridae	2.434648301	-2.764648717	-2.359044876	2.311687552	-0.239686963	-0.64516584	2.660121513	0.899630784	0.361665566	0.362541158	0.443557304	-1.521073855	-0.005548245	-1.258661896	-4.394094762	2.95858284	1.164267816	0.493027825	-0.405828348	-0.544810831	0.077034323	-0.216273389	-0.815162175	-0.194972447	1
C.vicina.36.png	C.vicina	Calliphoridae	0.216252156	-3.131108248	-3.749045178	4.412524139	2.132520874	-0.733037591	1.257610045	0.073175316	-0.095485391	1.319277816	-0.374702642	0.344036212	1.897738486	-0.979202029	-2.867959858	1.685479472	-0.333613063	2.767839818	2.229756089	1.912211309	-1.2274516	-0.194203358	0.044040864	2.37697287	1
C.vicina.52.png	C.vicina	Calliphoridae	1.309730952	-1.184528542	-3.064588751	1.471116431	2.710350432	-0.446454246	-0.242653124	0.461775763	0.952828568	-0.048660793	-0.20598729	0.977218674	0.343307756	-1.857336744	-6.59436696	3.811083971	-0.223354923	0.810651368	-0.032774087	-1.49828761	0.239059698	0.889732399	0.117939588	0.626910741	1
C.vicina.5.png	C.vicina	Calliphoridae	0.282851668	-1.35233576	-5.1084233	5.636632252	1.133298808	-3.51176005	2.415743698	1.78425141	-1.028700899	0.603870723	2.118214526	1.565169519	-0.897020083	-0.893073483	-4.027432904	1.569647331	-2.376995619	-0.464881041	0.004672749	0.161714868	-1.240270737	-0.243521587	-0.51070591	-0.016457579	1
C.vicina.60.png	C.vicina	Calliphoridae	2.720315956	-1.845232476	-0.829052388	2.481022568	0.202081952	-0.989923344	2.076726658	-2.200752032	-1.534207528	0.21788357	0.361941849	-0.8042875	1.393257305	-2.331875646	-7.701346017	1.560572085	0.879575869	0.220887123	-4.958838171	1.079268412	0.351074692	5.369879552	2.998123992	-1.218715545	1
C.vicina.23.png	C.vicina	Calliphoridae	2.071383919	-2.244222578	-3.337318838	2.804074442	-1.171665826	-1.38442676	-0.705054717	-1.170062602	0.720138132	-0.779182188	1.051219417	-1.500648744	-0.737399669	-0.561269625	-3.88995455	2.938429064	-0.524544374	-0.246211775	-0.412174996	1.54606992	0.542710201	0.180090891	-0.630203248	-0.910523797	1
C.vicina.28.png	C.vicina	Calliphoridae	0.323910223	-1.121578204	-3.150673396	2.440307217	3.022476324	-2.150704834	-0.31654652	-0.160436436	1.173666432	-0.098137308	-0.331087013	0.21405991	0.367303329	0.083785168	-4.793523915	2.718529492	0.428381777	1.086087365	-0.772733774	-0.204753308	-0.016710317	0.229738387	-0.161798164	0.013992969	1
Ch.albiceps.92.png	Ch.albiceps	Calliphoridae	3.387065374	0.091323705	-2.560270882	-4.356855709	-0.860545648	0.213674843	-0.821826779	-1.062368188	0.112822323	-0.3291682	2.453892694	0.910252352	-7.531067251	-0.496818373	4.606166826	4.956577935	-0.031790988	-1.417309996	-0.907535435	0.41525583	0.410109923	0.62709935	-0.109624237	-1.808115809	1
Ch.albiceps.42.png	Ch.albiceps	Calliphoridae	3.194097792	0.72136153	-2.813815619	-2.509497401	-0.909655058	0.198622978	0.192679149	0.79924487	0.597525554	-0.301717197	-0.080524495	0.636233851	-7.344034569	0.081824729	3.163381039	1.161461103	-0.649751798	1.882866587	-0.6967124	0.437495522	-0.988284952	0.006857151	-0.076707277	1.71180064	1
Ch.albiceps.50.png	Ch.albiceps	Calliphoridae	3.256065304	1.06248181	-3.292628685	-3.714912216	-1.452818644	1.111137172	-0.32448678	0.531342158	-0.03469195	2.10811823	0.882335124	2.156602159	-7.719655684	-0.456348119	5.220480271	4.735054528	1.21957831	0.264392078	-1.451216401	0.69824041	-0.472011637	1.999493286	-0.278596656	-0.657919036	1
Ch.albiceps.64.png	Ch.albiceps	Calliphoridae	3.443596918	1.174864756	-3.826845559	-2.358917435	-0.445823838	-0.09033905	1.38373903	-1.982246264	-0.685945702	1.703303954	-0.386965807	-5.140790492	-6.774154078	1.914547453	5.618914658	4.636311788	-0.525783526	-0.532288346	0.38784302	0.236795406	1.493902348	-0.583960749	-2.372725707	-1.114712419	1
Ch.albiceps.80.png	Ch.albiceps	Calliphoridae	3.6938053	0.629474134	-2.938768834	-3.238807997	-1.643228617	-0.404563022	-0.238778779	0.449227435	0.158029725	-0.826498601	-0.035784384	-0.871482639	-7.198839881	0.782850487	4.692111412	4.031306242	-2.281491887	0.773104005	2.97573618	-1.794744035	0.918749744	1.626551029	-0.03775179	0.210582074	1
Ch.albiceps.82.png	Ch.albiceps	Calliphoridae	3.771545442	-1.079429444	-1.793217416	-1.40726474	0.434891191	-0.649583962	-1.939268966	-0.904419922	0.028661932	0.985185294	-0.922566667	1.215315148	-8.671440514	-0.181307268	3.650697683	4.294414276	-1.611900781	-0.275268072	3.30717625	0.790190169	-0.847314806	-1.078742139	0.325647559	0.643973163	1
Ch.albiceps.18.png	Ch.albiceps	Calliphoridae	3.144116173	0.916281087	-2.759006164	-4.260873268	-1.414711523	1.215017301	-0.728366277	0.552255324	-0.50472944	0.842123004	0.701549523	-1.416326594	-8.947260376	-0.242168612	5.32056747	4.004906349	-1.951135073	0.142440513	2.054812321	-1.672779607	1.396919872	-0.110207026	-0.165258088	0.688358141	1
Ch.albiceps.2.png	Ch.albiceps	Calliphoridae	3.211027937	0.880615581	-5.876761658	-3.992231493	0.761599968	-0.852328517	2.060361885	2.03076283	2.318962402	-1.595009977	0.047431506	0.487190856	-6.614993938	1.412128444	3.432641107	2.477518277	-1.755961661	1.21769184	1.062371563	-0.795603436	0.134029467	-0.034750729	-0.067217988	0.382685642	1
Ch.albiceps.58.png	Ch.albiceps	Calliphoridae	3.027339077	1.142470804	-3.783815497	-5.413271962	-1.846643014	1.501053499	-0.723203733	1.287341929	1.629065065	0.786924037	-0.407467895	4.012400907	-7.688627078	0.171913009	3.673100973	3.891877764	0.042402176	-1.927773239	0.361621575	-0.31016845	-2.261577177	-0.177600821	0.05081972	2.189996714	1
Ch.albiceps.41.png	Ch.albiceps	Calliphoridae	3.504672022	2.207683483	-2.684614358	-3.338980935	-1.639322674	-0.245823243	1.079609946	0.674823168	0.245952619	0.643893313	-0.016040038	-0.965083581	-7.496423326	0.1804754	3.649378425	1.906633175	-0.618889218	2.079611761	-1.815310734	0.288975968	0.049925815	0.480406602	0.073508523	-0.055686795	1
Ch.albiceps.81.png	Ch.albiceps	Calliphoridae	3.589981371	0.354575253	-3.845914988	-4.039164932	-1.039722501	0.115388893	0.455398854	0.664139899	0.099963911	0.103356273	-0.066161022	-1.38731432	-8.485247934	-1.599417277	3.186563038	4.064918105	0.053205928	0.241131523	1.215436755	0.602924826	-0.568189634	-2.282550517	0.658158809	-0.12780566	1
Ch.albiceps.75.png	Ch.albiceps	Calliphoridae	4.263798566	2.154697964	-4.728858957	-3.699451648	-2.1433189	-0.862170242	0.517325318	1.94358549	0.209929599	1.7920675	-1.091331689	0.823961668	-7.018219015	1.055375416	3.617222791	2.755812429	0.629057507	2.578440399	-2.618271314	0.214173329	-0.176095619	0.891662538	0.961676761	-0.029306534	1
Ch.albiceps.9.png	Ch.albiceps	Calliphoridae	3.375225271	2.337725945	-3.532102021	-3.000686521	-1.47089586	-0.706153796	0.538096907	1.170591023	-0.09576787	0.931818379	-0.83726188	1.163352926	-8.960321588	-0.065861952	1.577626087	0.820277173	-3.344681834	0.079087542	-1.541883307	-3.056312859	3.094659719	0.138677741	0.004166073	-1.221641819	1
Ch.albiceps.46.png	Ch.albiceps	Calliphoridae	3.033479069	0.272551203	-4.998837456	-3.081554055	-0.147791811	0.51594571	0.543730886	2.264672836	-0.324847585	0.03336	-1.378159323	-0.674488814	-6.699853071	1.498970599	3.709797238	1.979336615	-0.518694133	0.563709674	-0.228867875	-0.489158639	-0.174351813	-0.148910256	-2.125159383	-0.221310395	1
Ch.albiceps.78.png	Ch.albiceps	Calliphoridae	4.925430437	0.781275125	-3.315740635	-4.540774188	-1.049369131	0.962637615	0.7134395	0.539667991	-0.576842639	-0.996118155	-0.981979564	-0.831648428	-7.673588056	0.908785015	4.234290145	2.508385862	-1.018182679	-1.2384877	0.406146746	-3.258401307	-0.021118955	-1.126728708	-0.050465992	1.003704592	1
Ch.albiceps.94.png	Ch.albiceps	Calliphoridae	3.239604468	-0.200094542	-5.376566751	-6.155646413	-2.953477267	-0.086324331	-1.621008121	3.336793482	0.559800628	-1.249409865	-0.231028624	-1.616982448	-6.916748919	-0.568410325	3.268131501	2.564484177	-0.419743704	-0.02024023	-1.141634334	0.061159775	-0.08289029	-0.115059502	1.894139398	0.475512625	1
Ch.albiceps.51.png	Ch.albiceps	Calliphoridae	3.182143153	1.663446611	-3.052953414	-2.112610429	-1.667106389	0.126228126	0.075818482	-0.867769442	-0.09092175	0.148760835	0.203875933	0.30300164	-8.255611579	0.520344858	4.585309443	0.795853171	-0.284840965	1.649096195	-0.601878928	-0.474564633	1.446319498	0.532226882	-0.208435649	-0.461409009	1
Ch.albiceps.31.png	Ch.albiceps	Calliphoridae	3.605288514	0.257471355	-3.234421795	-2.866504973	-1.709959858	-0.96905383	-0.420749248	1.350292475	1.392839527	2.231207064	0.224909206	-1.413502802	-7.63954104	-1.339310578	2.818857345	1.401477411	-0.227006792	0.867712388	0.728385541	0.656728393	-0.684418742	1.380931756	-0.166646006	-0.290781248	1
Ch.albiceps.62.png	Ch.albiceps	Calliphoridae	3.281294914	1.517751168	-2.837959362	-2.944266021	-0.939987512	-1.062954647	-0.396812491	-1.287660426	-0.348078267	-0.635672629	0.527876508	-0.01535481	-8.167013324	0.044445942	3.988112805	5.027769639	-1.649194508	-0.991516268	0.064221221	-2.620514313	1.443441209	0.523147581	-1.955964822	-1.660073583	1
Ch.albiceps.23.png	Ch.albiceps	Calliphoridae	3.064725698	1.071303201	-2.085800426	-3.010861731	-1.48665123	-0.61513047	0.40230716	-0.969200841	-0.902218818	-0.171603063	0.760696786	0.920883304	-7.50326071	0.493771198	3.575834443	1.949479752	-1.846354864	0.411769157	-0.481160513	-0.55212014	0.141981111	0.686805159	-1.980494684	0.941247915	1
Ch.albiceps.14.png	Ch.albiceps	Calliphoridae	2.761350474	1.782781679	-1.713575919	-4.334338377	-0.764519878	-1.180197041	0.893806857	0.571587549	-0.543084951	-0.306207318	-0.577921753	0.263989902	-9.288022641	-0.246151785	4.535839571	2.816567029	-0.32569161	0.939995528	0.505787638	-0.005409196	0.107691992	-0.204921033	0.50222408	0.496313641	1
Ch.albiceps.3.png	Ch.albiceps	Calliphoridae	3.254778092	1.464348151	-2.79940149	-1.417818759	-1.074828536	0.853720682	-0.845119169	-0.774730867	0.303508994	-0.271637917	0.946307444	0.716128917	-8.315977551	0.95157276	4.568477942	3.692075808	-4.083985832	0.856680822	-0.923675876	-2.227350495	1.368775697	-0.058850559	-1.25645627	-0.08918729	1
Ch.albiceps.100.png	Ch.albiceps	Calliphoridae	2.918841939	0.785466746	-2.515357434	-0.597188532	-1.024355624	1.3738299	0.52701382	-0.447229009	-1.79888056	1.609716393	1.75963254	1.083920245	-6.418936069	1.024584488	2.98170922	0.546937135	-1.293513858	-1.112487028	-0.65459655	0.346552478	1.572620074	0.863986639	-0.342416429	0.218654224	1
Ch.albiceps.77.png	Ch.albiceps	Calliphoridae	2.883782557	-0.041168536	-4.579877254	-2.560314197	0.068833875	0.41979541	0.875805582	0.850844163	0.111738446	0.383024189	0.597060582	0.440303782	-8.059239446	0.048303575	4.434022533	4.405871602	-1.566141508	0.838005452	-2.637245433	1.079698961	-0.310411976	-1.093287536	-2.330312183	-0.753902948	1
Ch.albiceps.17.png	Ch.albiceps	Calliphoridae	4.058807528	-0.105811702	-2.453262784	-1.565367097	-1.529100813	0.168673867	0.680631813	-0.236340846	0.967477266	0.235506796	-0.727559289	0.354428295	-7.176830987	-0.410991344	4.653581515	2.847362831	-0.62621851	-0.097336965	0.164683589	-0.711293883	-1.338868988	-0.51210452	0.290735566	-0.785083128	1
Ch.albiceps.99.png	Ch.albiceps	Calliphoridae	2.307634957	-0.065407743	-2.955751814	-2.819494566	-0.276437677	0.452664933	-0.12966664	-0.408506379	-0.587501124	1.027842153	-0.721585777	0.172096114	-7.192366179	2.01524024	4.440523188	4.296541197	1.709961718	-1.774049533	1.535395908	-1.238423197	-0.622525405	-0.40292703	0.992162097	-1.558602682	1
Ch.albiceps.33.png	Ch.albiceps	Calliphoridae	3.271336667	1.013513089	-2.778948111	-2.193829117	-1.229246629	-0.64763866	-0.344912577	0.055465998	-0.319302948	0.072069653	-0.274991346	0.465905402	-6.710959452	-0.543794078	4.490859258	3.795598154	-1.462864546	-0.913542353	-1.171393121	0.555121351	-0.63679142	1.372731263	-0.620008136	-0.241286194	1
Ch.albiceps.15.png	Ch.albiceps	Calliphoridae	5.198783385	1.846285408	-5.554142175	-4.697127228	-0.589397071	0.254858917	1.472445074	3.343795112	1.346674658	-2.362087644	0.629432434	-0.170670794	-7.805391344	3.311262152	4.565143769	4.8182126	0.133418661	1.324421841	0.415429548	-1.878500807	-1.220545606	0.022277309	-1.375786064	1.831903299	1
Ch.albiceps.69.png	Ch.albiceps	Calliphoridae	2.809859278	-0.132098638	-2.841332827	-2.17451678	-0.836676353	1.021266065	-1.410982017	0.031677796	0.361081967	0.3891551	0.34994379	-1.770456995	-7.782060296	-0.892730935	5.385838028	2.205608451	-2.915687342	-0.057889249	0.065496949	-0.580157903	1.143977943	0.180823206	1.336877701	0.210446974	1
Ch.albiceps.35.png	Ch.albiceps	Calliphoridae	2.657777872	0.796235667	-4.428000938	-2.202857924	-1.295147461	-0.001535567	-0.565674348	0.76935725	-0.403513385	1.393562209	-0.605447597	0.537468344	-7.123999714	0.910418357	5.456668653	3.965224135	-2.867803087	-0.685545495	-0.279274062	-0.526216906	0.074543119	1.341708477	-1.067291141	-0.368594236	1
Ch.albiceps.89.png	Ch.albiceps	Calliphoridae	3.308926899	-1.715690413	-2.11991055	-2.003570965	-1.062699404	-0.575642596	-0.049731483	-1.533777009	-1.57824721	0.127795234	0.461181142	0.001766349	-4.521510617	0.365489801	3.8053609	3.252836288	-0.140363357	-1.0137793	-0.456978272	0.296968145	0.419816925	0.020565726	0.770764682	1.52283749	1
Ch.albiceps.19.png	Ch.albiceps	Calliphoridae	3.194236909	1.637540162	-3.050088188	-4.451972496	-1.492980309	-0.323039764	1.590682418	0.784787495	-0.019512326	-0.661836196	0.79171358	0.005138407	-7.788686688	0.745540689	5.686269007	3.121495459	-1.40905642	-0.116028605	-2.60836482	0.459489715	-0.185490795	1.554320323	-1.129468542	-2.614097689	1
Ch.albiceps.97.png	Ch.albiceps	Calliphoridae	2.538819052	-0.620898205	-1.989671615	-1.892682283	-0.677313781	1.439737724	1.059083667	-0.653096509	-0.19769302	1.569447862	-0.007387756	-0.085238795	-4.971319142	1.032068147	2.434375851	3.373292065	-1.404558992	0.892849536	1.272916518	0.684153523	0.891676961	0.941795809	0.19081179	0.264456326	1
Ch.albiceps.29.png	Ch.albiceps	Calliphoridae	3.643490579	0.502002665	-2.997171942	-3.774478173	-1.506575448	-0.246465095	-0.383475745	-1.12814597	0.712919431	-0.053483535	-0.650877827	-0.596043443	-7.630107389	0.102443795	3.598729141	3.232790975	-1.394768556	2.336827994	0.271632002	1.614073351	-0.322525897	0.969340304	0.543721631	0.388664098	1
Ch.albiceps.8.png	Ch.albiceps	Calliphoridae	3.71705276	1.95935786	-3.005198275	-2.917673752	-0.667539514	-0.121318785	0.678549014	1.024474607	-1.32242439	-1.090396264	0.092208789	-0.360139922	-7.951436111	0.388656611	4.779806913	2.921888381	-0.747687442	1.011221637	-0.929917797	-1.101580769	0.278633778	0.055192416	-0.528965591	0.667474957	1
Ch.albiceps.55.png	Ch.albiceps	Calliphoridae	3.279017139	1.636708638	-1.595652176	-2.680387117	-2.200472424	0.759728286	-0.066731742	-2.010546031	-0.006414134	-1.595828882	0.358948937	-0.647405598	-9.253056018	-1.306166933	6.029543669	3.725735186	-0.82429985	1.191703507	-0.119212395	0.491600492	0.618247967	0.978924065	-1.530790672	1.429062223	1
Ch.albiceps.6.png	Ch.albiceps	Calliphoridae	2.911982472	0.599873694	-5.20502467	-4.409297146	-1.900180758	2.672158049	0.395588197	-0.460451143	1.51868046	1.890151093	0.069225518	3.316647967	-7.089798026	0.826870315	3.464112583	3.0362905	-1.810701017	0.511511224	-1.207707698	-0.157162056	0.050803167	-0.415487844	0.665209541	-0.470022914	1
Ch.albiceps.4.png	Ch.albiceps	Calliphoridae	3.540974978	2.378275953	-1.141098228	-3.101011645	-0.696928966	-1.11997075	-0.592160357	-0.145910686	-2.095684167	-0.019428227	0.340621947	0.100022046	-8.024071745	0.226340299	2.649587885	2.062395441	-1.072650429	0.114719432	0.573687114	-1.567266361	0.324476996	-0.406531396	0.740747372	1.16815871	1
Ch.albiceps.44.png	Ch.albiceps	Calliphoridae	2.55241871	-0.296366361	-3.536773458	-3.162346502	-0.737906374	-0.309928227	0.113345504	-0.259796459	0.987978869	1.79040691	0.125527271	-0.172298574	-6.77274183	-0.016179688	4.676725977	3.421983034	-2.035034718	-1.120440922	1.036280161	0.168316687	0.605561974	0.637509698	0.005077224	0.748892506	1
Ch.albiceps.48.png	Ch.albiceps	Calliphoridae	2.749457855	1.0204129	-2.913000476	-2.356083091	-1.058465759	-0.75835025	-0.557808284	0.617396792	0.613114175	0.493566718	0.12391673	-0.056253156	-8.192580054	-0.18506039	3.264601602	2.808099113	-1.155955318	-1.240303807	-1.943151042	1.101398285	0.362095782	-0.467979573	-0.30758777	-0.249307005	1
Ch.albiceps.57.png	Ch.albiceps	Calliphoridae	3.799408138	1.177621571	-2.258459878	-2.756250998	0.148716861	-1.18486069	0.184066512	0.164608005	-1.411169193	0.221577711	0.15836409	0.974658682	-7.637564156	0.831988122	3.343843924	2.710792813	-2.052886721	-1.175046499	-0.916893079	0.054698917	-1.151979816	-0.950719179	1.372775268	-1.403460492	1
Ch.bezziana.28.png	Ch.bezziana	Calliphoridae	4.767104573	0.505739752	1.175457024	-0.537737441	1.881605292	-2.451951825	-2.719698058	-1.392960846	-0.082781788	1.396288569	0.027841733	0.171727251	-4.505478111	-2.375143994	-1.547907869	-1.435046721	2.024528759	-2.776987296	3.670658094	1.070173601	-0.142214206	0.565771314	1.479965934	2.062789209	1
Ch.bezziana.1.png	Ch.bezziana	Calliphoridae	3.370612981	2.150279262	2.351864993	0.180602254	2.363084571	-0.906297536	-1.031661601	-0.617985541	0.792204749	-0.470256253	0.122812064	0.653030799	-6.199701482	-0.9519866	-0.947017	-2.050272198	-0.283674177	1.275511746	0.267633453	-0.348144063	-0.769109194	-0.777706785	0.114784766	0.981168667	1
Ch.bezziana.13.png	Ch.bezziana	Calliphoridae	5.455768565	2.52246969	1.690246462	-0.864544375	0.96463669	-1.671120472	-1.819114868	-0.413428326	0.024088378	0.416861873	0.555663637	0.807823209	-5.918493261	-3.16233713	-2.672248728	-2.630077069	1.847785987	-0.492212212	-0.085204267	0.119863663	3.004021693	-0.14998408	-1.36722318	0.25954071	1
Ch.bezziana.19.png	Ch.bezziana	Calliphoridae	3.837184239	1.389996742	1.80675553	-0.72578415	1.248695993	-1.894473571	-2.850891988	0.222725681	0.083398112	0.685995753	-0.867705301	-0.625178892	-4.64723202	-1.60561388	-0.134687812	-2.657114346	2.098307294	-1.452392065	-0.063466333	1.00219681	0.837564633	-1.007659734	-0.035168593	-0.455919611	1
Ch.bezziana.10.png	Ch.bezziana	Calliphoridae	5.157649517	0.980029848	0.185092151	-0.667514892	0.407610536	-0.840273831	-1.659507614	-1.876287764	-0.106320672	-0.099835071	-1.532775596	0.59591901	-5.312516965	-4.155983869	-0.469804015	-0.766530979	1.437100102	1.706466488	-0.29938635	-4.434008573	2.568416413	-0.029633876	-1.196075843	-0.850003976	1
Ch.bezziana.18.png	Ch.bezziana	Calliphoridae	4.506834955	1.799483556	1.462185236	-1.438390404	1.473459946	-0.225948442	-0.387041364	-0.87772428	-0.354792335	0.076038962	-0.471770073	0.17574271	-4.101358326	-2.279083403	0.933324453	-1.523919861	1.374135063	-0.843247224	0.213378297	-0.457181055	-0.213306591	-0.697746869	1.98020358	0.58670588	1
Ch.bezziana.15.png	Ch.bezziana	Calliphoridae	5.100213254	2.436686123	1.661424274	-1.365191724	1.095845915	-1.876045384	-2.329527939	-0.621093078	0.664586542	-0.365951802	-0.973997447	-0.515504578	-2.680942262	-4.058521936	1.549519778	-3.147750075	1.152175194	-0.953753933	1.976678534	-1.219059766	0.875040224	-2.090682149	-0.880521738	-0.13332509	1
Ch.bezziana.50.png	Ch.bezziana	Calliphoridae	4.022525017	0.68396684	1.501980525	-0.471519819	1.256451089	-1.090347899	-1.454481656	-0.211104257	0.660619166	-0.216875971	-0.538624824	-1.304126682	-3.950778115	-1.708306298	0.274711541	-1.631371307	1.199369247	-1.94148346	0.243913334	-1.493553078	1.550162963	-0.693235921	-0.416884581	-0.314488294	1
Ch.bezziana.32.png	Ch.bezziana	Calliphoridae	2.377983841	2.708096903	1.85760937	-0.403655744	1.449715876	-0.555180516	-2.549211959	-0.445655978	0.998131679	0.359301868	0.853361649	-0.333961625	-4.514137316	-2.087116824	0.013071745	-3.552275886	0.513587375	-3.772821081	0.645441612	-0.473057218	0.085111481	-0.425850897	1.233786519	-0.36703006	1
Ch.bezziana.48.png	Ch.bezziana	Calliphoridae	4.052950798	1.153720362	0.722654705	0.408184227	1.778506692	-1.698186443	-0.583283824	-2.192571838	-0.709668004	-0.870437523	0.554112327	-0.668465183	-6.127534848	-2.255031464	-1.500277019	-2.075876963	-0.248116753	2.281448464	0.508633493	-1.852396913	3.686508224	-1.141550609	-1.929657212	0.588031252	1
Ch.bezziana.36.png	Ch.bezziana	Calliphoridae	3.0913891	0.198963676	0.896334632	-0.058482655	0.959556219	-0.559099854	-1.997915829	-0.573314953	-0.464532679	0.819877122	0.341795142	0.260771939	-4.114021757	-2.823278426	1.79485132	-1.85125028	0.000103818	-1.422522133	0.85788909	-0.60366206	0.088122217	-0.296583773	0.502087478	-1.134502644	1
Ch.bezziana.12.png	Ch.bezziana	Calliphoridae	5.635754154	1.323136017	1.927420089	-0.505185141	2.775497911	-2.68713664	-0.5460606	-0.330592737	0.195149999	1.140367239	-0.38528834	-0.340902662	-4.127962204	-3.606744775	-1.129504818	-4.705120568	-0.672843973	-2.090894411	1.457962647	-0.192000428	-0.007221573	-1.897070111	-1.641638513	-0.481120471	1
Ch.bezziana.3.png	Ch.bezziana	Calliphoridae	4.12416004	0.00698046	2.6210019	1.243706954	0.901804912	-1.02703991	-0.575707345	-0.134675962	1.671493574	-0.61964329	0.224375078	-0.576257015	-5.656974112	-2.658170437	-0.421126125	-3.474885664	-0.016222061	-1.258295575	0.627157886	-0.106037971	3.222388429	0.512142487	-0.662386007	2.479301093	1
Ch.bezziana.41.png	Ch.bezziana	Calliphoridae	-0.301684077	0.645436737	0.334854935	1.182659894	1.938150686	0.491693884	-2.497743402	-2.189565493	2.121504194	-1.965953289	-0.290043891	0.313234447	-6.570237664	-2.778667037	1.104534145	-2.163457418	2.345906564	-1.546141109	2.930746552	-1.322517011	-0.328166852	1.205261113	-1.81496126	1.223117163	1
Ch.bezziana.39.png	Ch.bezziana	Calliphoridae	5.337554507	-0.830322527	0.91914518	-1.077950636	1.659539206	-1.180222478	-1.280254749	-1.65600894	-0.075531442	1.622912527	0.142654442	-0.10717985	-5.047674936	-2.397472361	-0.136986932	-0.269453401	1.873060854	-1.643898252	1.135019922	-1.165749137	-0.120568788	1.394042609	0.436914897	-0.503629486	1
Ch.bezziana.53.png	Ch.bezziana	Calliphoridae	4.801287228	2.072525137	2.603500044	1.161318801	1.110398616	-2.371848071	-1.694629382	-0.436216553	-0.102693026	1.263069384	2.072005735	-0.497204613	-4.475794343	-2.308641884	-0.51677002	-1.579504698	3.735912927	0.033102859	0.190795202	-0.284808682	1.428944713	0.48537968	-0.785662631	-0.477614987	1
Ch.bezziana.4.png	Ch.bezziana	Calliphoridae	3.03799668	0.602821834	1.094938332	1.05933844	1.961606996	-1.371076629	-0.653795642	0.03326398	0.883809056	1.202518438	-0.930908817	0.093604649	-5.01265361	-2.088640659	-0.304729799	-1.639798587	1.771130796	0.046057892	0.69241303	0.669772358	0.365197063	-0.441997752	1.184742383	-0.382993908	1
Ch.bezziana.6.png	Ch.bezziana	Calliphoridae	3.948149671	2.26008206	2.186701891	0.367056311	0.680052875	-2.317835616	0.769525773	-0.725855915	-0.218769051	1.222514961	-0.089980653	-0.910636346	-4.109226403	-1.962020131	0.300359611	-4.174406647	-1.078484915	-1.80830637	1.82700017	-1.9576662	0.291209212	0.316479315	1.815570836	-1.174649195	1
Ch.bezziana.45.png	Ch.bezziana	Calliphoridae	-0.347210712	1.494943333	2.045775585	0.649935759	3.441431962	-1.312043175	-2.297675381	-1.849793602	1.268591015	-0.631766655	-0.559733841	-0.028671955	-5.948125512	-2.242858484	-1.162669162	-2.09698346	3.527573267	-2.673678448	2.281678302	-1.9340638	1.6502692	0.200173538	1.099225716	0.098937358	1
Ch.bezziana.8.png	Ch.bezziana	Calliphoridae	4.439516152	2.235917603	2.035649232	-0.641541079	1.134621454	-1.263707096	-2.133018984	0.254464415	-0.105389312	0.052846545	1.035198109	0.341926462	-8.190436499	-2.410418625	-2.611575207	-3.252737324	1.726698345	-0.552430085	0.912452656	-0.909580248	3.767738013	0.797095749	1.261152628	2.452019655	1
Ch.bezziana.42.png	Ch.bezziana	Calliphoridae	2.494920209	1.293661784	-0.220789675	-1.286306468	0.552775976	-0.258420912	-0.766396383	-2.79896438	-0.740563748	-0.730212161	-0.46253652	-0.633291339	-5.667762312	-1.791469893	-0.826549897	-0.179300203	2.299521456	-0.281763291	1.808150156	-0.617227689	1.846989923	0.356777173	-0.099641295	-0.227783285	1
Ch.bezziana.27.png	Ch.bezziana	Calliphoridae	3.994196347	0.349338454	1.109853018	-2.106581456	1.196805073	-1.974132545	-0.391991185	-0.507494221	-0.640464216	-0.732204513	-1.014992687	-0.68377455	-3.127190158	-2.013503158	-0.637044721	-0.819673445	1.534314553	-1.183447523	1.105067842	-0.999467818	0.940263662	-2.267798635	1.40348064	-0.387551989	1
Ch.bezziana.26.png	Ch.bezziana	Calliphoridae	4.612289971	-0.145542772	1.495100194	-1.038397911	1.016246863	0.04455667	-0.935467215	-1.468046701	-0.31293546	1.866611861	0.437300057	0.344524406	-5.02348062	-2.886879423	-1.05568526	-0.57267827	1.552292566	0.711103696	1.031264601	0.356006483	1.96403118	-0.87951087	-1.739630727	-1.274327124	1
Ch.bezziana.23.png	Ch.bezziana	Calliphoridae	3.716691854	1.29423712	2.566458551	-1.462137343	0.820896631	-0.007116287	-0.510034416	-1.324966745	-1.598532761	0.670079085	1.142582896	-0.021544059	-5.133293048	-1.766889978	-1.643436139	-2.351825081	2.378488912	-1.717414053	0.962781918	1.487591638	0.537408486	-2.603215923	1.239186804	3.969134383	1
Ch.bezziana.11.png	Ch.bezziana	Calliphoridae	4.715189233	2.289815178	1.982562061	-1.931006924	0.660338142	-1.890572573	-1.918833748	-0.905219071	0.157990329	0.374829167	0.028299178	0.116492141	-7.467392862	-3.582514642	3.49474668	-1.697882935	3.596643075	-2.425620929	1.857010443	-2.034746771	6.943945811	-0.223717862	0.344592292	0.464033772	1
Ch.bezziana.38.png	Ch.bezziana	Calliphoridae	4.150305655	1.023828513	1.933905721	-0.57058944	2.266103191	-1.065875636	-1.416542943	-1.091230939	0.136475664	0.108858134	0.475657124	0.445048053	-3.94425936	-3.052988225	0.016989672	-1.192448016	1.04110075	-2.787707009	0.536320809	-1.452869001	2.995226174	-0.660474509	0.130117829	-1.113971817	1
Ch.bezziana.49.png	Ch.bezziana	Calliphoridae	2.623680146	1.187265714	-0.096613154	-0.637775325	0.840279029	-0.642165347	-1.199435925	-0.10942503	0.702705939	-0.279468057	-0.787065904	-0.206204912	-3.576662557	-0.988206183	0.233904019	-1.069621829	0.510499075	-0.627984668	1.822837989	-1.12323872	0.022168677	0.881124312	1.268258135	0.145301411	1
Ch.bezziana.16.png	Ch.bezziana	Calliphoridae	4.731627349	-0.189734902	1.279359655	-0.143374425	0.852429813	-1.514549773	-2.265479322	0.687989244	-0.899023701	1.137898584	-0.284301964	-1.273931951	-3.477505621	-2.478406559	-1.901354924	-0.807116622	0.465080624	-0.857887381	-0.917349935	-0.012527243	1.930834641	-3.647467858	-1.960092145	0.041666853	1
Ch.bezziana.56.png	Ch.bezziana	Calliphoridae	3.240388091	2.316413468	1.500046231	-0.341373621	1.767060271	-1.43264035	-0.82407669	-1.406586049	0.149653079	-0.01382321	-0.725916408	-1.182995335	-5.423072847	-1.674511508	0.044071142	-1.518348394	0.508054726	0.443836104	-0.196954309	-0.685446021	-0.353824318	0.32723993	-0.584693407	-1.537360275	1
Ch.bezziana.47.png	Ch.bezziana	Calliphoridae	3.171581126	1.276751609	1.821693024	-0.241995081	1.127017567	-1.795345747	0.286250318	-0.614660956	-0.412395868	-0.583038742	0.056408792	-0.878902228	-3.869108803	-2.834527713	-0.027372046	-1.599282778	2.07127695	-1.269669426	1.669877197	-2.64332289	0.21032581	-2.547491766	-1.102132608	1.186970322	1
Ch.bezziana.17.png	Ch.bezziana	Calliphoridae	3.538112057	1.263071794	-0.604830562	-0.646546091	0.543956021	-1.670286896	-1.659269871	-2.534030389	0.591819111	-0.713012504	-0.405257453	-0.233202043	-4.297173311	-1.863905557	0.044445095	-1.817770415	0.487879193	-0.865507681	1.471352565	0.041646556	0.721117208	-0.619812544	0.829775171	0.215546926	1
Ch.bezziana.55.png	Ch.bezziana	Calliphoridae	3.948233738	1.941586031	2.900307566	0.73053017	2.211092734	-1.508111603	-1.123614959	-0.114000839	1.27096474	0.798826739	0.48135878	-0.224206681	-7.375819102	-2.50706707	-2.170996928	-2.54995608	1.415130731	-1.081476298	0.412716522	0.645240948	3.315050077	0.397601301	-0.166531341	-0.492125801	1
Ch.bezziana.22.png	Ch.bezziana	Calliphoridae	4.359505414	1.301620978	1.742312372	-0.537426827	0.092363693	0.476580289	-1.795021547	-0.319472278	0.971218407	1.803730012	1.518330919	0.410880288	-4.907392778	-0.238229213	-0.08623014	-2.344004154	0.251175601	0.386900833	0.421053813	-0.028667934	-0.265255974	1.294076882	-0.952259317	2.109059581	1
Ch.bezziana.58.png	Ch.bezziana	Calliphoridae	3.303423529	1.387979689	1.739607424	0.092691835	2.462970668	-2.266444044	-1.397502267	-0.810097865	1.285609579	-0.081187397	1.000353751	-0.646870788	-5.028375042	-2.703194045	0.169631995	-1.481783902	2.375917485	-0.94291579	2.335706552	0.09207955	0.4910794	-0.171359486	1.187718643	-0.360795876	1
Ch.bezziana.40.png	Ch.bezziana	Calliphoridae	3.452393899	-0.02934779	1.632292615	-0.312750089	1.474539729	-1.259983381	-1.665083989	-1.45044545	0.55058363	0.999167643	-0.009362671	0.019382072	-4.871788807	-1.311511746	-0.061326497	-1.438354864	2.217850042	-0.71152811	0.621456848	0.417078892	1.409442206	0.986287961	0.255736091	0.484699227	1
Ch.bezziana.14.png	Ch.bezziana	Calliphoridae	4.672520834	-0.387364889	0.866332079	1.275311167	-0.092644714	-2.2744135	-2.127186486	-0.467157172	0.217530715	-0.658608605	-1.168396994	-1.06421699	-5.12061872	-2.308561551	-1.799765747	-1.401308782	1.194554708	-2.093169848	0.653717077	0.913068955	1.811587947	-0.350242877	-0.56090041	0.523580529	1
Ch.bezziana.2.png	Ch.bezziana	Calliphoridae	3.541389525	1.51259501	1.606252086	2.41789627	1.04912254	-1.690412647	-1.371900938	-0.068857338	0.188117084	-2.254524121	-0.917322958	-0.994767579	-6.856418674	-0.328771107	-0.906637897	-2.471968793	1.23323619	0.2618197	-0.928056037	-0.224860629	1.563557684	-0.235034957	-0.429607937	-0.160978996	1
Ch.bezziana.7.png	Ch.bezziana	Calliphoridae	3.920578273	1.077679628	1.091752649	-0.557142555	0.180589021	-2.564026163	-3.371430936	-0.794527875	0.95809029	-1.289618266	0.970776227	-1.066444924	-2.807109617	-2.83276169	-0.762112968	-4.240253459	0.723350939	-2.24181152	1.313983826	-1.177130409	4.07395522	-2.218279225	1.098145514	2.055357853	1
Ch.megacephala.74.png	Ch.megacephala	Calliphoridae	6.047444058	2.249615311	3.316460536	-0.552952866	2.288315376	-0.256726759	1.215667399	0.334889519	-0.718844538	0.79613247	-0.394467112	-0.571578986	-3.913769304	-3.259423411	0.024292131	-3.244707795	2.511503654	-3.481345875	-5.592521636	-1.096148067	-2.195112055	1.307130746	-1.936529945	2.380891372	1
Ch.megacephala.48.png	Ch.megacephala	Calliphoridae	4.993873249	1.928179447	1.6009892	-0.674923893	0.669362042	1.613882297	2.092291902	0.151071919	-1.27344846	-0.422808363	-0.296224292	1.115550866	-3.839202707	-2.222030176	2.431687728	-1.528922944	1.518912605	-2.04226835	-0.966173345	-2.236557165	-2.997670841	-0.305086315	-4.152011201	0.120771431	1
Ch.megacephala.6.png	Ch.megacephala	Calliphoridae	4.502848225	1.000320213	3.757031344	1.682683498	0.722397638	-0.210112491	0.40030499	0.928459467	-2.739303778	2.245687804	2.504759892	-0.694528993	-2.635701751	-3.149356455	2.62331651	-0.068651598	2.834793119	-0.492675002	-0.729134849	2.065807628	-2.123322923	-1.443367869	-0.664679349	-2.547223311	1
Ch.megacephala.67.png	Ch.megacephala	Calliphoridae	3.78112588	2.664568704	3.286513976	-0.100328408	1.627509996	1.050834803	3.848428408	-0.864400616	0.383730903	-1.313723018	0.378033008	-0.633009185	-6.073574262	-2.975870268	0.94186828	-3.070021162	2.148560723	0.711534904	-2.514587829	-1.361716265	0.093776305	-1.01840156	-1.756647077	-0.422624479	1
Ch.megacephala.70.png	Ch.megacephala	Calliphoridae	4.585126207	1.555864426	2.751244008	-0.314520237	1.174960138	0.080714026	1.267724136	-0.071452662	-0.834994031	0.539339524	0.018557091	0.405682116	-6.897572077	-0.229308459	0.731411262	0.054039892	1.001374502	-1.610441351	-0.535443847	0.811263627	-0.272093391	0.002570143	2.42917924	0.564797581	1
Ch.megacephala.46.png	Ch.megacephala	Calliphoridae	5.817096452	1.510887594	3.392497331	-1.589430082	0.364844011	-0.490348467	-0.116752671	0.600581677	-1.813481023	0.102758607	-0.511154287	0.076560879	-5.205910169	-2.626185982	0.183017284	-1.52910262	-0.66889803	-1.384170594	-0.56229334	-0.157467831	-1.560643028	-0.080028452	0.009055511	-0.499034772	1
Ch.megacephala.62.png	Ch.megacephala	Calliphoridae	5.465259142	2.551066301	4.5034459	-0.562678675	1.154652303	-0.20372358	0.828965232	-0.105857528	0.315101036	0.983672573	0.146957119	-0.089910561	-4.662078843	-3.094698144	-0.782749582	-1.721347816	0.68864252	-1.227712715	-0.015093288	-1.273108729	-0.839133802	0.323234985	-0.309606214	0.453333981	1
Ch.megacephala.44.png	Ch.megacephala	Calliphoridae	4.137377793	0.78154678	2.294788496	-0.057356465	0.616373665	0.096466458	0.417149904	-0.212489621	-1.276661992	0.842212742	0.824026705	-0.459483851	-5.996235923	-3.585336168	-0.200289384	-3.77739236	2.407572699	-3.685683583	-2.375112264	-0.001662721	3.63868069	-0.34243106	1.017688691	0.607039745	1
Ch.megacephala.37.png	Ch.megacephala	Calliphoridae	4.621167515	1.647592485	2.063724175	-0.842408749	0.249368948	1.630202874	3.077708643	0.141252282	-0.977002734	-0.100532624	-0.991413698	0.107304736	-6.777156895	-3.987366097	-0.290426898	0.17545369	-0.249277036	-0.934165895	-1.714960503	-0.733313573	-1.469129943	-0.471112709	1.058052131	-0.786061907	1
Ch.megacephala.52.png	Ch.megacephala	Calliphoridae	4.902536771	1.470423734	2.660447657	0.618579457	0.553063886	0.603946527	1.384547721	-1.113042325	-0.401599467	0.507224942	-1.638215053	1.166722318	-3.551042041	-4.568668535	0.372102274	-1.469972893	0.309172146	-0.953162363	-0.312883814	-0.369667695	-1.456645264	-0.97973689	0.276770011	-0.359338182	1
Ch.megacephala.47.png	Ch.megacephala	Calliphoridae	3.931389559	0.043128316	2.27225453	-1.407100067	1.131844229	1.021709753	0.54393205	-0.415718399	-0.57867255	0.860453468	-0.768442057	0.59995998	-6.307236719	-2.082204615	-1.391714702	-1.013203962	0.34421691	-2.26719421	-0.317029296	1.985211705	3.166910936	-0.124753151	-0.294072903	0.999808177	1
Ch.megacephala.51.png	Ch.megacephala	Calliphoridae	5.965183946	0.548365369	2.095728826	-0.744427079	0.541752009	0.578657831	1.397120743	-1.41152269	-0.697914724	-0.312019611	0.742858688	1.414871889	-5.251869521	-3.236066635	-0.239253048	-1.319984912	0.695740889	-0.360621971	-0.719719445	0.810326842	-1.443614569	-0.072095231	0.152337103	-0.028858172	1
Ch.megacephala.61.png	Ch.megacephala	Calliphoridae	3.672837859	2.40649915	2.858288822	-0.505941024	1.641316153	2.187325385	1.451575383	-0.295254248	0.003909758	0.306873193	-0.010633291	0.084938246	-7.912403701	-4.302233689	0.701741859	-1.33999885	1.90138141	-1.910804952	-0.350274895	0.424302566	-1.154544525	-0.682616358	-1.188077136	2.14050769	1
Ch.megacephala.27.png	Ch.megacephala	Calliphoridae	5.407038105	2.79991257	2.515933496	0.229204985	1.072257972	-0.453687098	1.670022193	-0.08117258	1.043681248	-0.308075559	0.543935028	-0.106938848	-6.808769675	-0.398089212	-1.791426798	-0.848619809	0.013865369	0.477068788	-0.111953913	-0.384902356	-1.632550986	0.160779042	-1.305221487	2.531920368	1
Ch.megacephala.54.png	Ch.megacephala	Calliphoridae	5.253789409	1.966605197	3.258443258	-0.183677846	1.048989529	0.609704714	2.063571644	0.229509858	0.618433388	-1.196926125	-0.798237088	-1.122582367	-4.334640403	-4.166555208	-0.115105157	-1.823029206	1.715449125	0.017666587	-0.824185698	0.448666326	-1.814055182	1.242694074	0.575915365	0.530099242	1
Ch.megacephala.81.png	Ch.megacephala	Calliphoridae	4.164176778	0.456735301	3.960962609	-2.298260362	2.056898977	2.329384439	3.636731682	0.84994802	-0.055472374	-2.131070217	-0.26312812	-0.539352035	-3.726705454	-2.61802147	-1.62240781	-0.285979676	-0.292671845	-1.781716702	-0.045286946	1.239891926	-0.831294858	-0.138231872	-2.028625616	0.269870315	1
Ch.megacephala.53.png	Ch.megacephala	Calliphoridae	5.303031683	0.229173093	4.235110112	-1.463245644	0.886936169	2.571503176	1.304880102	-0.933553923	1.63344245	-0.00154223	0.409151071	1.105411073	-5.516186833	-2.651373224	-0.34924408	-2.654715272	3.784098668	-5.047776925	-1.219490654	0.752977947	-0.950709241	2.855747981	1.425761706	1.745473801	1
Ch.megacephala.65.png	Ch.megacephala	Calliphoridae	4.179122764	2.958564636	3.657951402	-0.190649571	0.188929069	-0.683280423	-0.370998763	-0.238678206	0.402309594	0.63149652	0.698171302	0.104346932	-4.489000947	-3.217832387	-0.176204556	-1.905029488	0.77940064	-1.602928559	0.173039562	-0.148660671	-1.078357889	0.542795003	1.513112892	-0.641495977	1
Ch.megacephala.7.png	Ch.megacephala	Calliphoridae	3.001874841	2.992499912	2.743488237	0.831742008	1.758564004	-0.849407749	1.844056698	-0.455982689	1.312871207	0.029755998	-1.127358647	-0.570027638	-6.853043341	-3.503803833	-0.44394106	-1.516984447	2.403161076	-0.517462995	-0.297518894	-1.859907872	-0.642276194	-0.292841873	1.218200106	0.721377266	1
Ch.megacephala.66.png	Ch.megacephala	Calliphoridae	5.620616312	1.358219407	1.912246988	-0.630026496	1.272059832	0.102166781	1.097881676	0.409719239	1.274580291	-0.478504957	-0.276336467	-0.604564982	-5.351522147	-3.079236638	1.033909823	-0.082634287	0.306017783	-2.298268882	-1.982070884	1.821877572	-0.203236612	-0.729444044	0.86248308	-0.72663613	1
Ch.megacephala.24.png	Ch.megacephala	Calliphoridae	5.342990741	0.067143436	3.597201044	-0.694753848	1.575883822	-0.355150475	1.488355296	-0.079276009	0.449979753	-0.120602665	0.201763945	-0.884305591	-4.904071013	-1.798063123	0.210031096	0.334402384	1.74091342	-1.536601713	-1.884141677	1.347836027	-1.849768706	-0.436290161	-1.279023278	2.059099735	1
Ch.megacephala.2.png	Ch.megacephala	Calliphoridae	6.819998129	3.254646204	3.891017708	-1.793591216	2.133111148	-0.229238483	1.173889174	0.622470158	0.774935005	0.100536754	-1.024790709	-0.307417229	-4.857042731	-4.6735579	-2.368477517	-1.82354797	2.62831682	-1.366787611	-0.935529894	-0.729482555	-3.224635671	1.081331035	-1.099883567	0.443657933	1
Ch.megacephala.77.png	Ch.megacephala	Calliphoridae	4.531113037	0.861566609	3.230983151	0.518021784	1.397387842	-0.392608984	0.271000104	-0.346136708	0.186215946	0.891268387	0.256909987	0.344894642	-3.953082728	-4.572392335	-0.944309763	-2.471294282	2.891296653	-2.172063594	0.496212201	0.401439491	-0.272956919	-1.208057434	0.397314857	1.277659648	1
Ch.megacephala.10.png	Ch.megacephala	Calliphoridae	5.065601318	0.883149411	0.779859199	-0.277659978	0.773253998	2.078522496	1.424304679	1.129530996	0.53424165	1.340872677	0.516746092	0.300478977	-5.083241611	-3.082941945	0.322717979	-1.242887296	0.385598202	-2.679118191	-2.414752494	-0.35730463	-1.519110646	-0.901523493	0.432083917	-1.148319608	1
Ch.megacephala.29.png	Ch.megacephala	Calliphoridae	5.378361579	0.155894513	3.267622628	-2.285188745	1.006730303	2.269403584	1.058970995	-1.155350017	0.21741153	0.516650351	-0.666250715	-0.072645107	-5.231965729	-3.855225539	0.1001943	-1.156487494	1.576275213	-0.966280079	0.584171564	1.06147983	-1.195366104	0.68917634	0.297514228	-0.410987539	1
Ch.megacephala.36.png	Ch.megacephala	Calliphoridae	4.313189662	-0.25523668	1.069464118	-0.54454736	0.499851244	-0.780883954	-0.182750132	-1.432726936	-0.583767598	0.993688311	-1.005991766	0.04636408	-7.365880382	-3.452834267	0.0809551	1.489967867	1.389930626	-1.874233993	-0.530631091	-0.692009397	-0.648191476	-0.536881412	1.158943529	-0.43391281	1
Ch.megacephala.11.png	Ch.megacephala	Calliphoridae	4.533036284	0.543255503	2.934992845	-1.120265239	1.908768145	1.442027062	0.70310607	-0.075907269	0.351694929	-1.63301151	0.312306405	-0.243704595	-4.114765315	-3.093719874	0.985260688	-0.89304841	1.466274053	-0.918155492	-1.686064031	0.878472403	-0.982133968	-1.767899537	1.498261301	0.451476293	1
synthetic_Ch.nigripes_1	Ch.nigripes	Calliphoridae	-3.368232722	-1.910453773	0.407650443	1.887575051	0.984929221	1.481050646	-0.305872013	1.58182039	3.168396152	0.119992351	-1.288936702	0.721609446	-8.319556007	-1.193424138	0.885604957	0.969044134	0.152919373	1.387724883	0.969101916	2.380355485	-0.528679201	-0.079574339	2.950473515	0.283564826	1
synthetic_Ch.nigripes_2	Ch.nigripes	Calliphoridae	-4.319981048	-4.136205435	1.154355127	0.432647689	1.086325658	0.493204036	0.946394771	2.601794737	3.106405927	0.555402655	-2.884317516	0.872040346	-7.781950659	-1.593322226	0.681603537	0.21047532	0.377062411	0.864421426	0.009588081	1.951057915	-0.065929702	-0.320236471	2.084068148	-0.054227314	1
synthetic_Ch.nigripes_3	Ch.nigripes	Calliphoridae	-4.319647226	-4.104395116	1.126766523	0.452625286	1.081717968	0.512186531	0.940506852	2.575052557	3.09889822	0.543365192	-2.866408449	0.87189383	-7.796495885	-1.584151715	0.67934899	0.237925344	0.372581812	0.864811386	0.017977719	1.954754748	-0.068592903	-0.323548469	2.102442474	-0.049494071	1
synthetic_Ch.nigripes_4	Ch.nigripes	Calliphoridae	-3.10322691	-1.754563418	0.608233607	2.001677532	1.025043241	1.47752509	-0.573104101	1.69222839	3.298211638	0.176416751	-1.104068127	0.681124775	-8.254635138	-1.217065822	0.977179313	0.773898222	0.156312299	1.530348462	1.115887376	2.446877895	-0.620142765	0.038207499	2.92158828	0.308635688	1
synthetic_Ch.nigripes_5	Ch.nigripes	Calliphoridae	-3.077673778	-1.663006924	0.924172845	1.82995811	2.033754082	1.105049827	-0.823162397	1.932410741	3.370780015	-0.225642252	-0.076807925	0.069206331	-6.893804305	-0.768737421	1.218136663	-0.389627833	1.221866266	2.13606258	1.152394112	3.680730457	0.337251391	-0.499765007	2.125421114	0.306552007	1
synthetic_Ch.nigripes_6	Ch.nigripes	Calliphoridae	-3.746378291	-2.007101446	0.609002704	1.424386197	2.579528322	0.874336304	-0.293255922	1.801605218	3.081874565	-0.630401335	0.106655082	-0.220123691	-7.153452257	-0.01652991	1.142781621	-0.406131136	1.125146187	2.392547939	0.986173831	3.395277054	0.213005762	-0.017983745	2.414700305	0.379530023	1
synthetic_Ch.nigripes_7	Ch.nigripes	Calliphoridae	-4.181363672	-2.845440566	0.790458531	1.219574945	2.381991084	0.509709257	-0.209998705	1.819696793	3.13096416	-0.43315538	-0.165398765	-0.425418681	-7.744551114	0.335093718	0.924818401	0.126547118	0.781842267	2.211727658	0.702780243	2.820742734	-0.004057598	0.266494771	2.830353523	0.392907424	1
synthetic_Ch.nigripes_8	Ch.nigripes	Calliphoridae	-2.368245407	-2.181771371	0.752898167	0.817378165	2.803317948	0.534429351	-0.97338282	1.142287821	3.400813401	-0.165795916	0.785596944	-0.720793973	-7.725608743	-0.146983629	1.475814445	-0.098494123	0.626478023	1.305265495	1.566847962	2.931930489	0.258484754	0.423872409	2.65650715	0.698062382	1
synthetic_Ch.nigripes_9	Ch.nigripes	Calliphoridae	-3.528410708	-3.623687733	1.59299339	1.827371091	0.287909437	0.584268372	-1.048011672	1.989687553	3.78931732	1.006328401	-1.628214812	0.190656686	-8.102835895	-0.972571485	1.460853594	0.565708627	0.277044782	0.414845819	1.694093252	2.642439086	0.237213163	0.106458352	2.712502852	0.691097796	1
synthetic_Ch.nigripes_10	Ch.nigripes	Calliphoridae	-4.314600709	-5.10558732	2.012556305	-0.154921859	1.212413173	-0.089513965	1.088243637	3.413145525	3.351097384	0.934987538	-3.410934066	0.863072162	-7.340414033	-1.863425421	0.766442669	-0.6277535	0.513052879	0.843519637	-0.21542584	1.850900534	0.022074118	-0.20981033	1.530707992	-0.185231244	1
synthetic_Ch.nigripes_11	Ch.nigripes	Calliphoridae	-3.836094294	-3.290242092	1.344664114	1.488755371	1.54048102	0.411504126	-0.748429927	1.99175033	3.520222236	0.242333175	-0.65658821	-0.293340211	-7.260866483	-1.394790999	1.583179876	-0.087918208	0.815336976	0.937276606	1.812163581	3.433728934	0.463271708	-0.404298856	2.160538091	0.558745196	1
synthetic_Ch.nigripes_12	Ch.nigripes	Calliphoridae	-3.432000273	-3.810825868	1.993291466	1.803796922	0.55560021	0.296567474	-1.378595388	2.193117175	3.97579945	1.032906864	-1.231463163	-0.138759111	-7.714546365	-1.075466662	1.729245678	0.074678509	0.487441942	0.465855887	2.04869487	3.02715482	0.423844847	0.092608139	2.44582202	0.774027126	1
synthetic_Ch.nigripes_13	Ch.nigripes	Calliphoridae	-2.672004989	-2.213438582	0.681038469	0.836621776	2.861056359	0.544615383	-0.790767743	1.213864662	3.30856593	-0.297541313	0.719868256	-0.697527284	-7.652901956	-1.603073043	1.039216618	-0.333875702	0.348036667	1.458899644	0.698217353	2.262128652	-0.470365688	0.135757833	2.141089469	0.095120907	1
synthetic_Ch.nigripes_14	Ch.nigripes	Calliphoridae	-0.660039009	-1.942863172	1.166438232	0.722956553	2.183117422	0.687413147	-1.815414146	1.033690352	3.85951077	0.364736832	1.043761578	-0.843867865	-7.737401839	-1.418648015	1.343230642	-0.070155273	0.375076624	2.04070175	1.654996597	2.954615576	-0.728432539	0.210958312	2.612865339	0.372430224	1
synthetic_Ch.nigripes_15	Ch.nigripes	Calliphoridae	-2.54615553	-2.200318662	0.710810383	0.82864903	2.837134981	0.540395247	-0.86642629	1.184209938	3.346784624	-0.242958386	0.747100055	-0.707166816	-7.674745749	-1.584429938	1.058794633	-0.313112291	0.336629525	1.500156339	0.762719527	2.291070136	-0.5034817	0.159801415	2.183650797	0.115244127	1
synthetic_Ch.nigripes_16	Ch.nigripes	Calliphoridae	-0.64745787	-1.925294146	1.17193592	0.725846807	2.101744081	0.743190383	-1.773554656	1.109283388	3.84727865	0.313973422	1.016692232	-0.842755468	-7.668832326	-1.447153325	1.342787342	-0.086314797	0.429905914	2.024039453	1.641553441	3.018928305	-0.659214397	0.130723543	2.561351306	0.362574218	1
synthetic_Ch.nigripes_17	Ch.nigripes	Calliphoridae	-0.924923397	-2.331331575	-0.218874378	1.173303291	1.760331713	0.246027346	-3.183820923	0.9981238	3.007841326	-1.523400599	1.361142389	-0.783468848	-6.559373445	-1.888539583	1.357328682	-0.339329984	1.322337823	1.666201042	1.446432018	4.062385664	0.524234668	-1.172630915	1.719423778	0.22587001	1
synthetic_Ch.nigripes_18	Ch.nigripes	Calliphoridae	-2.074083958	-2.355288347	-0.071220214	1.103194055	2.224306526	0.361231565	-2.064026065	1.206316187	2.924413696	-1.388147614	1.028392178	-0.710742551	-6.998669688	-1.579339226	1.498763558	-0.181888295	1.004838496	1.209726424	1.675464229	3.668701729	0.486057811	-0.691478047	1.995662957	0.43432656	1
synthetic_Ch.nigripes_19	Ch.nigripes	Calliphoridae	-0.713873431	-2.065709806	0.897371503	0.796679721	2.34434402	0.433830056	-2.220410986	0.789295197	3.746932203	0.178795905	1.193066987	-0.838510385	-7.181141048	-1.887871482	0.855910431	-0.589872134	0.669068608	1.010875361	0.047252515	2.246197608	0.108479757	-0.40219794	1.544149174	-0.130192804	1
synthetic_Ch.nigripes_20	Ch.nigripes	Calliphoridae	-0.656276485	-2.128625545	0.184162207	1.06879691	1.409575786	0.644333516	-2.70803056	1.373124354	3.194998249	-1.26594562	1.169810015	-0.802993423	-6.821532155	-2.029189092	1.488865347	-0.301553478	1.488628737	1.350318176	1.122624277	3.650159317	0.569622537	-0.866959572	2.008387503	0.381157265	1
synthetic_Ch.nigripes_21	Ch.nigripes	Calliphoridae	-1.096403033	-2.001928363	0.207680919	1.530736659	1.551423642	0.563516967	-2.893972234	1.283299973	3.2378065	-1.015618592	0.931170496	-0.438129582	-7.814095377	-1.46549868	1.183690018	-0.180654828	0.263859152	1.763348036	1.174202719	2.475698548	-0.714740977	0.3131843	2.45516523	0.243617581	1
synthetic_Ch.nigripes_22	Ch.nigripes	Calliphoridae	-3.430282793	-1.844448544	0.757983099	1.616099358	2.321541758	0.983394198	-0.543741821	1.863436769	3.218439685	-0.439072398	0.019932427	-0.083357877	-7.669464726	-1.341260293	1.338915044	-0.195047312	0.410810013	0.507748663	1.102072401	2.39317722	0.234005253	0.091130783	2.1141559	0.403866382	1
synthetic_Ch.nigripes_23	Ch.nigripes	Calliphoridae	-0.819420534	-1.934398154	1.168448188	0.859503119	2.37783671	0.561747733	-1.944552181	0.867616799	3.898042069	0.541875752	1.017993272	-0.732803671	-6.56147582	-1.931938701	1.285947045	-0.387195446	1.299877701	1.663067013	1.270530562	3.931197152	0.486901173	-1.161143996	1.662588043	0.159995236	1
synthetic_Ch.nigripes_24	Ch.nigripes	Calliphoridae	-3.102930932	-1.676003469	0.912268781	1.814639547	2.054368126	1.096335714	-0.803147683	1.92747018	3.359867976	-0.240930115	-0.069878477	0.058278256	-7.589999998	-1.467361563	1.200664729	-0.299544523	0.43550135	0.588836318	0.783900635	2.262219071	0.182824537	0.018454431	1.973255028	0.26160112	1
synthetic_Ch.nigripes_25	Ch.nigripes	Calliphoridae	-4.044869245	-4.844911253	2.086395019	0.373135683	0.928718765	-0.006897265	0.394897007	3.132449116	3.562574531	1.055346005	-2.935585768	0.631270863	-7.575895768	-2.16260554	1.584979693	-0.272406132	1.453607961	0.493259028	0.224101171	2.28755405	0.499304017	0.017648581	2.503407916	0.582150341	1
synthetic_Ch.nigripes_26	Ch.nigripes	Calliphoridae	-4.324791655	-4.594613578	1.551925522	0.144757037	1.15272557	0.219653483	1.03124366	2.987167591	3.21459704	0.728870617	-3.142399257	0.874151733	-7.72768643	-2.075220385	1.773519101	-0.116624343	1.465306808	0.709915269	0.65125447	2.499548609	0.342011143	0.181877933	2.842911122	0.769627449	1
synthetic_Ch.nigripes_27	Ch.nigripes	Calliphoridae	-3.980018476	-4.510419827	1.917349057	0.218785187	1.222392299	0.143825079	0.70440332	3.231670911	3.41227083	0.847711833	-2.968208363	0.821839477	-7.520134341	-2.263844118	1.798374179	-0.329860073	1.484517481	0.688959612	0.479527654	2.538094961	0.576158965	0.158630531	2.984042329	0.745221531	1
synthetic_Ch.nigripes_28	Ch.nigripes	Calliphoridae	-4.435252523	-3.636441595	1.043151983	0.437435755	2.313735407	0.288990661	0.687298586	2.456335376	3.015004618	-0.180979042	-1.383577276	0.09331018	-7.811053345	-1.529112183	1.835917297	0.01915386	0.988336871	0.295845229	1.360390984	2.656299758	0.524803306	0.228038625	2.70558355	0.86936407	1
synthetic_Ch.nigripes_29	Ch.nigripes	Calliphoridae	-2.899578814	-3.837427235	1.736037881	0.167022764	1.036110494	0.564699207	0.327635757	3.054758913	3.448240131	0.382582518	-1.97445558	0.25269023	-7.493922341	-1.414530601	1.635177706	-0.403807968	0.142551998	1.058565369	1.724582405	2.908731929	0.277461035	0.387115383	2.999135322	0.599346678	1
synthetic_Ch.nigripes_30	Ch.nigripes	Calliphoridae	-1.986751317	-3.018636067	1.56235975	0.392053417	0.9130833	0.985166389	-0.183410972	2.815671184	3.518078223	0.034614034	-1.040296563	-0.145356617	-7.212807205	-1.729646648	1.529972994	-0.75939091	0.023947921	1.582564399	1.444619125	2.958957626	0.19626364	0.421287721	3.263898777	0.421296875	1
synthetic_Ch.nigripes_31	Ch.nigripes	Calliphoridae	-0.511933346	-1.80452019	0.878417521	0.880656142	0.956593621	1.322600572	-1.647137453	2.03715842	3.478594576	-0.812016257	0.773191327	-0.816238282	-6.887589152	-2.166439819	1.196546775	-1.178529283	0.000325547	2.057979993	0.654357399	2.733849761	0.047251746	0.300175402	3.149263249	0.035939938	1
synthetic_Ch.nigripes_32	Ch.nigripes	Calliphoridae	-0.515165056	-1.811776612	0.862873781	0.884868442	0.966735476	1.307414795	-1.670889877	2.022291306	3.472245114	-0.822179319	0.782071256	-0.815941742	-6.893751149	-2.162426625	1.190371006	-1.171046232	0.00747596	2.041254225	0.641810058	2.721402658	0.046825118	0.292990515	3.126596006	0.032656644	1
synthetic_Ch.nigripes_33	Ch.nigripes	Calliphoridae	-3.989076397	-2.131986334	0.494615565	1.277188843	2.777610393	0.790601659	-0.100932863	1.754130957	2.977019874	-0.777303683	0.173240732	-0.325132476	-7.805111984	-1.126003894	1.574910012	-0.016669302	0.3686616	0.369331049	1.645195471	2.616724372	0.321371357	0.215190198	2.354675401	0.646714913	1
Ch.nigripes.1.png	Ch.nigripes	Calliphoridae	-4.302390419	-2.459974454	-0.299414453	1.485358548	0.843525454	1.493478394	0.636133407	1.192627106	2.710790582	-0.078906259	-1.940606948	0.864319776	-8.548405059	-1.110086112	0.562801134	1.656942461	0.140959153	0.884970197	0.451676408	2.145860926	-0.206265927	-0.494760745	3.052295297	0.195188885	1
Ch.nigripes.10.png	Ch.nigripes	Calliphoridae	-4.522219349	-2.406325097	0.243337556	0.953835549	3.212743824	0.606658996	0.321549558	1.649842678	2.746682108	-1.100008925	0.31951163	-0.555808745	-7.454699726	0.856192585	1.055353565	-0.425278518	1.012930093	2.69012612	0.793322555	3.064089713	0.06885411	0.540986138	2.750326384	0.464200217	1
Ch.nigripes.3.png	Ch.nigripes	Calliphoridae	-3.236057933	-4.063253269	2.307806293	1.956558349	0.078038452	0.240835503	-1.684158176	2.290758538	4.196705627	1.41625047	-1.510215973	-0.063803826	-7.93453254	-0.920628544	1.800071955	0.15352051	0.328447952	0.237267306	2.163387224	2.830009899	0.40472704	0.333554836	2.584154184	0.878415816	1
Ch.nigripes.4.png	Ch.nigripes	Calliphoridae	-0.707110539	-2.008596564	1.145868985	0.712142853	2.487570582	0.478726178	-1.972028756	0.750863833	3.905276468	0.554664891	1.145039809	-0.848029828	-7.993950294	-1.311997219	1.344889223	-0.009695447	0.169936337	2.103042671	1.705293305	2.713993607	-0.987407795	0.511151575	2.805601802	0.409305839	1
Ch.nigripes.6.png	Ch.nigripes	Calliphoridae	-0.744881786	-2.327578213	-0.242007693	1.184287466	1.687639719	0.227978038	-3.359261742	0.965505823	3.020912123	-1.544590993	1.413275125	-0.794863043	-6.490547899	-1.936982709	1.335169757	-0.363996733	1.372081168	1.737717963	1.410549018	4.124065026	0.530215923	-1.248014234	1.676144755	0.193210646	1
Ch.nigripes.7.png	Ch.nigripes	Calliphoridae	-2.039116085	-1.128597473	1.413660155	2.459847429	1.186118057	1.463368486	-1.646154367	2.135563374	3.81947592	0.402984668	-0.361742323	0.518561636	-7.331758734	-1.877160372	0.751384444	-0.639135337	0.51574226	0.852351705	-0.250081111	1.836636571	0.016499514	-0.217726239	1.515361068	-0.200726778	1
Ch.nigripes.8.png	Ch.nigripes	Calliphoridae	-4.330313247	-5.120772359	2.008255013	-0.185682544	1.228939088	-0.094326596	1.128632828	3.4294968	3.338778307	0.927976354	-3.438624304	0.876575173	-7.6620561	-2.263344254	1.87917039	-0.142980826	1.784597569	0.366528789	0.391448593	2.446690907	0.669694376	0.100716571	2.85210735	0.858441702	1
Ch.nigripes.9.png	Ch.nigripes	Calliphoridae	-0.431266153	-1.623391601	1.266407055	0.775512332	0.703441308	1.701654954	-1.054249774	2.408258593	3.637084405	-0.558334595	0.551538145	-0.823640266	-6.733778664	-2.26661375	1.35070104	-1.365314803	-0.178156951	2.475474308	0.967553381	3.044543704	0.057900867	0.479518399	3.715063569	0.117894724	1
synthetic_Ch.rufifacies_1	Ch.rufifacies	Calliphoridae	5.849506586	2.003455086	3.026714013	-0.413109272	1.278241693	-0.789410418	-0.598754937	1.422468282	-0.152644255	-1.593458308	-0.805596262	1.360390387	-7.646789088	2.118393318	1.3272736	-4.166305309	3.296028415	4.04668091	-0.725734919	0.267556363	0.506456126	0.063627609	-1.303500598	-0.530897494	1
synthetic_Ch.rufifacies_2	Ch.rufifacies	Calliphoridae	3.610964124	3.742733482	2.245779849	-1.0295481	0.38015752	0.080370474	-0.826831647	1.399935166	-0.605073478	-0.137746372	0.186074791	0.067331047	-5.537758797	0.98808604	-1.593101893	-2.674310208	0.438107333	2.46668706	-0.755936423	0.433075558	0.83099059	1.229535259	-1.656367625	0.978057725	1
synthetic_Ch.rufifacies_3	Ch.rufifacies	Calliphoridae	3.844115546	3.154190383	2.566172997	-1.168521242	-0.306956688	0.362032624	-1.008792612	1.579815047	-0.062073759	-0.082959999	-0.483827887	-0.113855992	-8.040952058	1.18235586	1.270882179	-3.519445614	2.548863569	2.972344892	-1.175906375	1.047900273	-1.110965962	1.126914316	-0.719901422	-1.07963131	1
synthetic_Ch.rufifacies_4	Ch.rufifacies	Calliphoridae	6.109993279	2.079312505	2.966890018	-0.125584825	1.227348771	-0.69142465	-0.646208382	1.495504318	-0.032706101	-2.058921306	-0.938311862	1.375115161	-7.303917888	2.214792156	0.838544179	-4.21978857	1.877728252	3.261435042	-0.508712774	1.076829918	-0.277181369	0.277838676	-0.737269013	-0.552040866	1
synthetic_Ch.rufifacies_5	Ch.rufifacies	Calliphoridae	2.590551467	4.220907608	2.259019394	-0.412094467	1.013522784	-1.441974147	-0.926490016	0.542387394	-0.287181215	-1.281464782	1.815789613	-0.163384535	-8.285297501	1.387266965	1.366238673	-3.717606187	3.00546408	3.68627932	-1.006946461	1.206778133	-1.461644563	1.630279171	-0.450416368	-1.600328442	1
synthetic_Ch.rufifacies_6	Ch.rufifacies	Calliphoridae	3.036061432	3.761671588	1.163335293	-0.44576336	0.995100168	-1.815856803	-3.444954799	0.93182989	-0.614465544	-0.742306924	1.60250412	-0.189147349	-5.601615904	1.336829176	-1.634649215	-2.77398536	1.52835361	2.166605181	-0.827007455	-0.524519891	0.052219117	0.267019517	-2.147333783	-0.240807124	1
synthetic_Ch.rufifacies_7	Ch.rufifacies	Calliphoridae	4.250172647	1.812945209	2.869226739	-0.665500677	-0.67275652	0.074906973	-1.277064986	1.538890724	-0.257043724	-0.436038309	-0.272205277	-0.19723279	-7.727222737	3.131131842	0.071097534	-2.690477131	2.671926426	3.123018835	-0.496417256	1.327941388	-0.982069132	-1.243458026	-1.85143835	0.267928315	1
synthetic_Ch.rufifacies_8	Ch.rufifacies	Calliphoridae	4.319402697	3.199182796	2.779942736	-1.103326975	1.960115408	-0.945879702	-1.482191483	0.837488526	-0.129014059	-0.525905751	-0.999487549	-0.000174801	-8.419634352	1.119070526	1.255514494	-2.512083636	0.345532917	2.564260188	-0.821539905	1.805127954	0.484326917	1.181342887	-0.638218532	0.585530309	1
synthetic_Ch.rufifacies_9	Ch.rufifacies	Calliphoridae	5.459603029	2.659825398	2.556264968	-1.249410596	1.038680173	0.033497489	-0.264951903	0.60165554	-0.999261051	-0.694746226	-0.060094303	0.817396093	-7.324949532	0.78646436	0.236433082	-2.683937185	1.244734098	2.185308953	-0.578715101	0.076749763	0.025396265	-0.481722572	-0.757229559	0.203256488	1
synthetic_Ch.rufifacies_10	Ch.rufifacies	Calliphoridae	4.928882214	0.963667732	1.433216635	-0.342861988	0.271826644	-0.678552576	-1.746776349	0.152740011	-0.560963089	0.429464489	-0.545932875	0.252720657	-7.419551815	0.947576326	0.954147755	-2.028942446	1.120636244	2.696916036	-0.830021114	1.425486275	0.44254788	-0.180873718	-0.892657213	-0.375137088	1
synthetic_Ch.rufifacies_11	Ch.rufifacies	Calliphoridae	4.398087228	1.672142843	2.38306026	-0.320664903	-0.606172441	-1.004920933	-1.745050681	2.500263035	-0.418347501	-0.442308538	0.641583661	-0.354189054	-7.150001628	1.776528067	2.752191587	-3.37159046	1.365255356	2.764589225	-3.019416734	0.214758118	1.827201008	0.787077977	0.241409574	0.49810334	1
Ch.rufifacies.1.png	Ch.rufifacies	Calliphoridae	4.710240806	2.189674137	2.777383967	0.307055473	0.794262251	-1.149520758	-0.628675384	1.639874026	-1.39073086	0.951968299	-1.570933695	0.258541234	-7.251550286	0.443896599	0.004124952	-2.550391377	2.505660104	2.56477942	-1.898638192	-0.100114891	0.327258369	-0.689246025	-0.908440211	1.289454976	1
Ch.rufifacies.10.png	Ch.rufifacies	Calliphoridae	5.561362676	2.723669591	2.526238113	-1.460770913	1.071870906	0.194145457	-0.215560071	0.460670655	-0.946101406	-0.918361832	0.145070139	0.893285791	-6.320410711	1.209574181	0.741431771	-3.199569953	0.401034108	1.734374632	-0.9533553	-0.189382993	0.454416713	1.200309627	0.809919228	0.376092069	1
Ch.rufifacies.12.png	Ch.rufifacies	Calliphoridae	4.965051687	1.363547648	2.454233657	-0.457181348	-1.536080743	-0.082020135	-2.61633747	1.735873674	0.501785507	0.74104965	-1.10133303	0.599552174	-7.334916783	0.83298335	0.267979366	-2.702072038	1.073506645	2.133778759	-0.399476139	0.1007671	-0.015595101	-0.453541924	-0.736695908	0.055756159	1
Ch.rufifacies.13.png	Ch.rufifacies	Calliphoridae	4.706046645	0.629000029	2.304036578	0.1878411	-0.783162701	-0.239476366	-2.306387925	0.878536754	-0.945695434	-0.313015754	-0.207934123	1.346583649	-7.680384634	2.000347717	0.953871274	-3.826292538	3.605019818	4.436971628	-0.631959953	-0.015568911	0.711187857	0.206519287	-1.86438124	-0.749254563	1
Ch.rufifacies.16.png	Ch.rufifacies	Calliphoridae	6.867218021	2.410593714	0.597950895	-0.679486828	0.300534962	-0.67219314	-0.482889709	1.504977747	-1.415053587	0.24371781	0.146212432	0.03147894	-6.87001749	3.310642612	1.198903714	-3.263745078	2.512609568	2.177070118	-0.673836494	1.594192589	1.012118055	-0.574956197	-2.017862755	-1.833561566	1
Ch.rufifacies.17.png	Ch.rufifacies	Calliphoridae	4.255538947	1.723909884	1.503987061	-0.536386324	1.310203509	-0.591510984	-0.286683615	0.899411933	-2.262279462	-1.099127729	-0.332855405	0.07031576	-6.833737676	1.563768994	1.42079651	-2.122027532	2.675885948	1.620835271	-0.670257332	1.610340495	0.590405461	0.812100535	-1.194095978	0.320555109	1
Ch.rufifacies.18.png	Ch.rufifacies	Calliphoridae	4.807703106	2.399407539	3.022022259	-1.733807557	1.344380931	-0.454929519	-0.076808877	1.718770721	-1.146240973	0.138477228	-0.33685348	0.286659955	-7.553520758	2.446112841	2.363917334	-5.110252583	2.438203008	2.963151431	-0.986074035	1.05357193	-0.061922407	-0.333069873	0.253622541	0.075307856	1
Ch.rufifacies.19.png	Ch.rufifacies	Calliphoridae	5.38764785	3.454347779	2.579744254	-1.310014502	1.056984433	0.683523158	0.238380174	2.626878021	-1.530327093	-1.062102015	-0.710942026	-0.966340861	-7.855307523	2.681239544	0.207196573	-4.622819619	1.602217482	3.341560629	-0.054225645	0.3139906	-0.633331292	-0.33156146	-0.462297455	-0.76683367	1
Ch.rufifacies.2.png	Ch.rufifacies	Calliphoridae	4.505720579	2.149107373	2.486468801	-0.777945831	0.691659418	-1.125323469	-3.875895817	5.967271506	-3.211728419	-5.699469978	1.334691264	5.446928221	-7.500408025	-0.326264983	-0.749478886	-1.877723136	3.316625239	5.619808327	-0.22266781	3.912323121	-0.408242335	3.920755998	0.616634097	0.420580292	1
Ch.rufifacies.20.png	Ch.rufifacies	Calliphoridae	6.224767469	1.86083177	3.028403997	0.062610395	1.254418131	-0.909891487	-0.786761545	1.315739214	0.205252402	-2.217306924	-0.974438884	1.747151458	-7.103213265	2.411899937	0.763535992	-4.526985144	2.153352658	3.386848819	-0.452438753	0.945817436	-0.414167995	0.115308608	-0.755087061	-0.756676902	1
Ch.rufifacies.23.png	Ch.rufifacies	Calliphoridae	4.311166017	3.182831158	2.843553157	-1.1059779	2.16743829	-0.933178715	-1.512811478	0.791722466	0.005169727	-0.500564055	-1.182212218	0.03481453	-8.567077026	0.974270182	1.310617399	-2.286409291	0.143052283	2.472128067	-0.862880219	1.901373025	0.584960744	1.30074157	-0.625128945	0.735861098	1
Ch.rufifacies.24.png	Ch.rufifacies	Calliphoridae	4.392942734	3.345176091	2.212006071	-1.079658571	0.109062344	-1.059278666	-1.208805188	1.246104326	-1.327055035	-0.752165504	0.631943847	-0.312572098	-7.11214058	4.340272631	1.707141166	-4.31862639	3.369046827	3.511494507	-0.299248918	0.970200121	0.404735932	0.10364579	-0.227812417	-1.766389899	1
Ch.rufifacies.25.png	Ch.rufifacies	Calliphoridae	3.729309896	3.735492825	2.635468746	-0.525867631	1.581254415	-0.569063228	-0.7213807	1.171407395	-0.107104245	-1.571661613	0.90338762	-0.160675823	-7.562873552	1.991646792	-0.799959634	-2.249063638	2.803718307	4.695743196	-1.443398235	4.496996518	0.171875418	0.03337147	-0.993681381	-0.629928279	1
Ch.rufifacies.27.png	Ch.rufifacies	Calliphoridae	3.3074151	-0.331051856	1.706785086	0.580148296	0.558805248	-1.001034613	-1.944404904	0.073482818	-0.645692021	-1.08462631	0.082162735	-0.512352748	-5.016358593	2.177156479	2.384403235	-0.88469605	2.077167627	2.808103524	-0.322050467	1.090804948	0.286251111	2.292455678	0.680500378	-0.815594374	1
Ch.rufifacies.28.png	Ch.rufifacies	Calliphoridae	4.240497471	1.213339064	0.371885939	-0.17960328	0.588551942	-0.654016411	-1.24040377	0.570856714	-0.99958319	-0.137986136	0.3894105	0.066953376	-5.880033434	1.935334249	1.473280767	-3.165678649	0.969613559	1.785077765	-0.270188039	0.652192646	0.7306882	-0.060154917	-0.84572582	0.763081831	1
Ch.rufifacies.29.png	Ch.rufifacies	Calliphoridae	4.719148076	0.9513753	1.332775948	0.233589116	1.576984496	-0.200914134	-1.172598193	0.180306341	-0.143840282	-1.023693595	0.517924291	-0.698779842	-6.783650672	2.823588768	1.055987627	-4.259235683	2.369717641	2.813739811	-0.059882466	1.074685241	-0.784821465	1.169415556	0.382153234	-1.357971906	1
Ch.rufifacies.3.png	Ch.rufifacies	Calliphoridae	4.893289915	0.895256	1.609704829	-0.308347731	0.43769193	-0.883230411	-1.384383345	-0.068847147	-0.701027029	0.625773462	-0.649674195	0.176912592	-6.259057996	2.978917437	1.557594807	-2.573672753	1.385672259	0.503700605	-0.863053108	2.448197	-0.396503896	-0.771075638	0.087815902	1.223251912	1
Ch.rufifacies.30.png	Ch.rufifacies	Calliphoridae	5.122095808	1.216707472	1.964119758	-0.433405587	0.093874997	-1.519360375	-2.382520944	0.07788263	0.462178226	0.366646252	-0.041184452	-0.209557593	-8.221266498	1.251049065	0.55179815	-4.519601563	1.7916705	3.41292225	0.652193509	1.49500575	-0.05219893	1.5051136	-0.153434441	-0.572602237	1
Ch.rufifacies.31.png	Ch.rufifacies	Calliphoridae	5.070217808	1.235327979	0.732389089	-0.479916722	-0.386817764	0.134214906	-3.185824443	1.032653735	-0.004774795	-0.350070575	-0.13398025	0.553751445	-9.429136831	1.370218589	0.601521523	-3.931727625	-0.09681918	3.722079838	-0.11519211	1.197243938	0.11589376	-1.407014752	-0.761807747	-0.738086552	1
Ch.rufifacies.32.png	Ch.rufifacies	Calliphoridae	3.774082842	2.192533165	0.347631353	0.094727388	-0.65729785	-0.372506604	-0.700047628	0.960372439	0.025403036	-1.221349324	0.923173549	-0.413588897	-6.30780812	0.491132593	1.525595664	-2.877922617	2.124172466	4.286681642	-0.974583474	0.611046931	1.63722047	-0.978345152	-1.048377485	0.514435507	1
Ch.rufifacies.33.png	Ch.rufifacies	Calliphoridae	4.172444929	1.266591286	0.362429683	-0.608979422	0.147138282	-0.824464121	-1.443609736	0.343576594	-1.434193253	-0.32941907	0.28900526	0.127792934	-6.913481481	0.841143053	1.042949011	-1.549767331	1.427225947	2.438750801	-1.010035271	1.48296415	0.524808625	0.127903266	-0.925608809	-0.283736149	1
Ch.rufifacies.34.png	Ch.rufifacies	Calliphoridae	2.957154704	3.934921749	1.218947542	-0.434430174	1.05397985	-1.884695847	-3.58392161	0.972676262	-0.557546351	-0.770976497	1.693709156	-0.211154639	-5.44486288	1.204508201	-1.760439627	-2.78014368	1.444020753	2.096074389	-0.851386852	-0.661129777	0.128492776	0.378409788	-2.169154612	-0.278323854	1
Ch.rufifacies.35.png	Ch.rufifacies	Calliphoridae	4.24190848	1.821072338	2.897014047	-0.68571434	-0.675533385	0.137154679	-1.249687084	1.48163719	-0.247661681	-0.435910223	-0.324592898	-0.187853275	-7.859110959	3.242463525	0.17693456	-2.685295668	2.742882063	3.182361746	-0.475905018	1.442881658	-1.046243953	-1.33717912	-1.83307883	0.299493989	1
Ch.rufifacies.36.png	Ch.rufifacies	Calliphoridae	2.567996413	4.238502724	2.323009219	-0.410720276	1.011033686	-1.414735948	-0.762993058	0.515914118	-0.270547154	-1.312872281	1.823300543	-0.160445507	-8.333594855	1.427769722	1.385086851	-3.756774633	3.095715799	3.827395697	-0.973549821	1.238181952	-1.530959743	1.729774338	-0.397149915	-1.703249508	1
Ch.rufifacies.37.png	Ch.rufifacies	Calliphoridae	4.912920242	1.655306321	1.826328577	-0.842416646	1.340292562	-1.27963776	-1.136207345	-0.589645161	-0.307534224	-0.868128109	1.398708752	0.208716785	-5.315147982	0.33904612	1.10090313	-1.642112669	2.074087757	0.232812709	-1.125053175	0.123921657	-0.026129351	-0.787387253	0.967544602	0.808397183	1
Ch.rufifacies.4.png	Ch.rufifacies	Calliphoridae	3.109182217	5.617162446	1.954935105	-2.060520205	0.373998845	0.777500782	-0.563733484	1.761201324	0.280805005	0.569125199	-0.778018886	0.022856014	-7.500286484	0.728947036	1.059885922	-3.080973758	1.538539112	1.392615135	-1.549765646	0.696349664	-0.335015959	0.01311393	-1.316193663	0.072520375	1
Ch.rufifacies.5.png	Ch.rufifacies	Calliphoridae	4.393186186	1.672303121	2.388360164	-0.315697996	-0.624702154	-1.002305718	-1.750846671	2.529677956	-0.419402407	-0.438254874	0.634376076	-0.359547734	-7.162860058	1.781084272	2.783160805	-3.390162298	1.378760514	2.752441376	-3.024171473	0.194861645	1.826761452	0.791071505	0.252246275	0.492065255	1
Ch.rufifacies.7.png	Ch.rufifacies	Calliphoridae	3.63224869	2.915373763	-0.171170384	-1.239862797	0.291762769	0.032052323	0.000833147	1.508518046	0.989092939	-1.241137421	2.115621873	0.015843891	-5.79928003	1.297918763	-0.50098866	-1.420700484	-0.053402142	4.040667319	-2.519952263	2.304795179	1.873374418	0.367575471	-0.896938282	1.132377698	1
Ch.rufifacies.8.png	Ch.rufifacies	Calliphoridae	4.049680676	2.103888002	2.500070411	-0.128151458	0.385542155	-0.529142543	-1.056862895	1.084073951	-1.37961227	-0.755776344	1.028998474	0.106216333	-5.618979295	0.798864422	-1.446795635	-2.581778183	-0.44138007	2.790720091	-0.672482472	1.389758101	1.44519651	1.973688897	-1.208029143	2.076533749	1
L.sericata.97.png	L.sericata	Calliphoridae	1.231434173	1.040130737	0.737672263	2.529842356	-2.929548881	0.466950909	0.459205204	-0.200487037	-1.090730653	0.581914451	-0.763746373	0.320859203	0.788785048	-2.128159299	-1.088164971	-2.903908534	-4.076479064	0.633130294	0.42538934	-0.171454433	0.238654882	0.354222467	0.167769085	-0.340181177	1
L.sericata.2.png	L.sericata	Calliphoridae	2.275490656	-0.885656458	-0.382552534	3.055715079	-3.603116117	1.397539446	-0.317911275	-1.03996232	0.273335458	-0.400514306	-0.026826304	-0.018685692	1.508910976	-1.497401943	-0.131620519	-2.96771032	-4.343288055	-0.241997187	-0.177036517	-0.35659209	0.355232763	0.455436507	0.098507317	-0.434166554	1
L.sericata.89.png	L.sericata	Calliphoridae	1.701580667	-0.514308964	0.058044701	2.588779	-2.412394133	-0.119858559	0.147901242	-0.315517154	-0.510206244	-0.429381144	-0.877635713	-0.023661335	2.276412167	-1.369802717	-0.628224786	-2.251157914	-2.458342593	1.01523535	0.184464901	-0.83137606	0.245639934	-0.891587992	1.252783831	-0.160391269	1
L.sericata.56.png	L.sericata	Calliphoridae	1.357913479	-0.365182182	1.000838644	1.611648413	-2.482090761	0.228637191	-0.404361653	0.407577657	-0.298815933	-1.651008375	0.139541328	-1.195652311	0.887912496	-1.417394769	-0.699312935	-2.555297173	-3.660390662	-0.07738138	-0.111676569	-0.160791995	-0.074860718	-0.506377728	-0.06776947	0.076149455	1
L.sericata.16.png	L.sericata	Calliphoridae	0.351630818	-0.052823034	-0.077529373	2.591633572	-3.274103532	1.020890907	-0.933281381	-0.522912692	-0.802137659	-1.150911813	-0.190798288	0.118856236	0.504949538	-0.751856584	-1.291355083	-2.745665665	-3.727392115	-0.408070319	0.500911743	0.418362093	-0.538827378	-0.896243928	-0.266273426	0.58212924	1
L.sericata.73.png	L.sericata	Calliphoridae	1.425489258	-0.536927152	1.356545745	1.015709277	-0.89187468	-0.01723844	0.108818826	-1.405953246	0.440013337	-0.142997217	1.436973056	-0.665027388	2.478351191	-0.850080081	-0.475127342	-1.960194823	-2.752958477	0.177106195	1.669037786	-0.678297539	0.335000004	-0.801597144	1.278461984	1.306416093	1
L.sericata.9.png	L.sericata	Calliphoridae	-0.686437211	-0.853123836	-0.484570689	4.048617019	-2.362489124	1.239162373	-0.6531247	-1.038607421	-0.032975373	1.676893291	-1.031781633	0.994047778	2.852858724	0.573079015	0.666392413	-2.216891509	-3.459414699	-0.393603312	0.50421122	1.17514886	0.03678332	0.206050124	-0.127771901	-0.679907149	1
L.sericata.68.png	L.sericata	Calliphoridae	2.181946991	0.372568999	2.363812554	2.606363821	-3.451149748	1.619926347	-0.583914611	-0.007581742	0.447598536	-0.384706666	-1.769588696	0.615819999	-0.691684595	-1.242462283	-0.443157785	-3.813233379	-2.938210773	0.612887706	0.712855329	-0.454707481	-1.01439147	0.66880508	0.573863735	0.269361582	1
L.sericata.84.png	L.sericata	Calliphoridae	1.437361222	0.215660003	-0.677358377	1.997440332	-2.65516872	0.838731113	0.100843379	-0.124742844	-0.468690329	0.287101739	-1.401185134	-1.473676085	0.558820769	-1.939891184	-0.803247184	-2.664322774	-3.839453428	1.095675592	0.806542416	0.574485016	-0.618858949	-0.100608845	1.178675847	-0.341876459	1
L.sericata.54.png	L.sericata	Calliphoridae	2.211905716	-0.983652005	0.186762859	2.991287643	-4.011905091	3.361027977	-0.017709474	-0.04620951	-0.535556976	-0.711002832	0.25186001	0.356316384	1.78092688	-0.805529006	-0.305440578	-2.061211276	-3.82139797	-0.08528367	0.018392737	0.747365653	0.544914382	0.052506371	-1.431955151	-0.358624096	1
L.sericata.100.png	L.sericata	Calliphoridae	1.482236782	0.770881261	3.1298077	2.103770709	-2.78518729	0.956986889	-0.297800395	-1.447756368	-0.760182521	-0.879370123	1.763522061	-0.707903797	0.782452049	-0.158850769	-2.000306154	-2.707010621	-2.904899184	-0.20325123	-0.597836591	-1.88290745	0.326167619	-0.322669527	0.474314581	-0.096537047	1
L.sericata.82.png	L.sericata	Calliphoridae	1.356711252	-0.852506045	0.714515523	2.870585657	-1.389013192	0.69650649	0.230892805	-1.022949219	1.372021557	0.712716865	0.80296776	0.437833666	-0.245646239	-0.854635581	-0.209303145	-1.300401921	-2.342474935	1.228465137	0.903386222	0.783166509	-0.148643528	-1.414892902	0.086127106	1.039638327	1
L.sericata.15.png	L.sericata	Calliphoridae	0.703969309	-0.325926202	0.481865266	3.831593364	-3.154286195	1.33974221	0.840187986	-0.06223604	-0.274430504	0.681883586	-0.047141351	1.108348498	0.471903608	-1.217892971	-0.484749344	-4.050687914	-4.15311361	0.053627213	0.784127238	0.792238627	-0.656252482	-0.603837664	-0.072719345	-0.549859167	1
L.sericata.4.png	L.sericata	Calliphoridae	1.19742298	-0.405565093	-1.470488314	2.599936082	-3.54695142	0.919687168	0.07063531	-0.413007023	-1.334315935	-0.944487919	-1.258320641	-0.028418598	1.253617808	-1.209311158	-0.704009953	-1.505736377	-3.610279959	0.031477787	0.503241266	-0.326671305	1.083162965	0.615870512	-1.255232039	-0.885083606	1
L.sericata.3.png	L.sericata	Calliphoridae	2.522865089	-2.378157205	0.411649509	0.410313042	-2.022516485	0.524195303	-0.138119102	-0.529868389	-1.290140379	-0.388376704	-0.477702795	-0.118851974	1.876751486	-0.174228892	-0.465294808	-1.870406084	-1.648363929	0.639008553	0.483872043	0.720966724	0.395781084	-1.438422831	-0.717169833	1.327163065	1
L.sericata.85.png	L.sericata	Calliphoridae	2.737214704	-1.797265775	-0.641553445	2.644159154	-2.799752976	1.255341928	0.492216258	-0.785898577	-0.874843398	-0.672345377	-1.357557314	-0.45334743	0.797185637	0.307663479	-1.056205879	-3.092239781	-3.862728298	-0.195021116	0.769490954	0.390055954	1.194907657	-2.096225975	0.952054288	-0.02517966	1
L.sericata.60.png	L.sericata	Calliphoridae	1.266495353	-1.008131042	0.688179995	2.61301181	-2.627259028	2.004204969	-0.842749414	-0.280361254	0.508751129	0.40102762	0.324260479	-0.954008086	2.275525787	-1.38779423	-1.017557037	-2.096150529	-2.663466883	-0.504524017	-0.970414329	-0.255425365	-0.667709186	0.30173662	-0.711257458	-0.418939454	1
L.sericata.98.png	L.sericata	Calliphoridae	1.298546405	0.232452595	1.186551576	2.10963824	-1.905451683	0.610249116	-0.792443962	-0.830488808	0.473966222	-1.012012324	0.277891458	-0.006011021	1.619665657	-0.509891145	-0.600592716	-1.867418964	-2.174249959	-0.210054987	0.621816768	-0.317392286	1.099855875	-0.030882774	0.912642761	-0.704015232	1
L.sericata.34.png	L.sericata	Calliphoridae	1.721277431	0.841980872	1.792654678	2.989162978	-3.051435031	1.308188882	-0.182089098	0.072017004	0.327997685	1.481909238	0.637358252	0.727307666	1.83566674	-0.911740802	-0.843278754	-2.778919654	-3.273810681	0.775680952	-1.13747639	0.210226329	-0.165210692	-0.283664071	0.41161443	0.00189653	1
L.sericata.38.png	L.sericata	Calliphoridae	1.20940109	-0.524601518	1.781603886	2.793940241	-2.491083127	2.454769725	-0.314998498	-0.661939031	-0.558191908	0.674994778	0.103609871	0.33298392	1.555845447	-0.87330883	-0.209133156	-2.729790519	-2.910080028	1.446287887	-0.388327834	1.455430079	-0.144672349	0.703060014	-1.267645872	0.406449183	1
L.sericata.20.png	L.sericata	Calliphoridae	2.337263376	-0.636134221	-0.204584812	2.555673798	-3.125983926	0.834150658	-0.753307984	0.424542997	-0.293040396	-1.347435481	-1.563173091	-0.029647002	0.618058007	-0.795865297	-0.394554965	-2.150781071	-3.799260534	0.320964642	-0.524795971	0.051550205	0.129028375	0.03814294	-0.175589443	-0.197192325	1
L.sericata.18.png	L.sericata	Calliphoridae	0.959887676	-0.803798135	-1.30250636	2.660902466	-3.419920712	0.556519155	-0.827699478	0.672242347	-0.83076739	1.13191694	0.571292022	-0.230650498	1.809581553	-0.09287265	-0.638172433	-2.227950623	-4.3684355	-0.077380676	-0.393438714	0.043142938	0.160458778	1.506750875	-0.357785538	-0.196944835	1
L.sericata.41.png	L.sericata	Calliphoridae	1.266822178	-0.969684375	0.587422301	1.318576596	-2.161562771	1.46243912	-0.995560266	-0.888761859	-0.418755255	-0.787568674	1.316133815	-0.744728884	1.559117564	-1.859621834	-0.783460974	-1.800687667	-2.776556741	-0.118052711	-0.355971017	-0.29186615	-0.019528266	-0.276471529	0.471410352	-0.364473776	1
L.sericata.96.png	L.sericata	Calliphoridae	1.233464456	0.125953675	-0.824953705	1.482440393	-2.605744661	0.69536914	0.039719305	0.671024347	-0.914732988	1.219950542	0.629487862	0.848725215	1.458164197	0.74974161	-0.840746711	-2.686095991	-3.724610422	0.055487325	-0.269227926	0.623098828	0.648204385	1.676080966	-0.554060186	0.837725382	1
L.sericata.22.png	L.sericata	Calliphoridae	2.650688309	0.431237696	0.390162936	2.020025031	-1.849401741	1.757102593	-0.799600033	0.290369283	0.482712641	0.506622246	-0.312966052	1.251858132	-0.198667735	0.283185077	-0.384367339	-2.515236294	-3.604166309	-0.735757791	-1.041877039	-0.039239459	-0.881675041	0.643118609	0.964892735	0.051905861	1
L.sericata.28.png	L.sericata	Calliphoridae	1.414150628	-1.332818458	-1.262012703	2.639940245	-1.967784715	1.250046759	0.694377364	0.380640853	0.16315495	0.389158387	-0.293364114	1.09550753	0.986082502	-0.4295716	0.000491506	-1.585041336	-3.13535828	1.035759113	-0.075253853	0.862167072	0.275574731	0.380987064	0.772401492	-0.283792098	1
L.sericata.64.png	L.sericata	Calliphoridae	0.580144254	1.554161285	0.346668878	2.434761157	-2.26499098	-0.223118459	0.512964212	-0.011909732	0.608681136	0.742499169	-1.052697159	0.556743438	1.7126635	-2.729926022	-0.048338686	-4.001552571	-3.517435456	0.67525023	0.177704884	-0.03990781	-1.072077977	-0.395906377	0.914325519	0.154201939	1
L.sericata.59.png	L.sericata	Calliphoridae	0.892589576	1.780334625	0.901705773	2.543550255	-4.36317987	1.691843673	-0.079235937	-0.171289707	-1.076991826	-0.348293149	1.435482753	-0.832476022	1.953373399	-2.079127927	-0.891688085	-2.348452031	-4.44358559	-0.581247463	0.432860076	-1.1793196	-0.513144522	1.32126955	-0.572056212	-1.086668579	1
L.sericata.53.png	L.sericata	Calliphoridae	1.461241087	0.060444581	1.335205017	3.47693911	-3.937082398	1.69857525	-0.182777213	0.171536742	0.996933202	-0.690597181	-0.112085121	-0.067206494	1.868806447	-2.996399368	-0.621440022	-2.905281399	-3.623478896	0.340995063	-1.045265669	-2.325324496	-0.122556748	-0.512380231	-1.775523374	0.957171454	1
L.sericata.32.png	L.sericata	Calliphoridae	1.462607778	0.028070698	0.20223791	1.680944935	-3.238279877	1.326954984	-0.253844005	-1.444778866	-1.329842952	0.954330049	1.289455243	0.307528095	1.900283581	-1.825015003	-0.969821028	-1.710755629	-3.233332664	0.254787643	-0.379152031	-0.689920155	0.135601473	-0.404438148	-0.892609137	0.309667927	1
L.sericata.46.png	L.sericata	Calliphoridae	1.636504188	0.840463463	1.721500304	1.758173483	-2.526660849	2.121439909	0.346795566	-0.655153794	0.160601885	0.361689206	0.156235352	-0.031088565	2.070984127	-2.442339063	-1.386317631	-2.979711594	-2.255030309	0.354763496	-0.639081892	-0.258541027	0.470133005	1.19700355	-1.430423516	-0.239362376	1
L.sericata.14.png	L.sericata	Calliphoridae	0.994686407	-0.297975292	-0.011324216	2.125601412	-3.336413643	1.24223438	-0.536879515	0.830972424	-0.585136822	0.686018523	0.889349193	1.031493502	1.432216298	-0.00252734	0.281776595	-3.222582248	-3.197037318	0.446772199	-0.002590159	-1.746390804	0.355609614	-0.72603241	0.971455881	0.418797656	1
L.sericata.90.png	L.sericata	Calliphoridae	1.530530235	-0.888881969	0.56125935	2.415152013	-2.327524811	1.772037507	-1.327020415	0.818345357	0.190386872	1.633247018	-0.214330005	0.668942054	3.246947407	-1.44909808	-0.018282656	-3.34275314	-3.365415286	1.232636867	0.899870428	2.186393542	0.521591903	-0.642160933	0.431136045	-1.300713631	1
L.sericata.12.png	L.sericata	Calliphoridae	1.38719884	-0.845029469	0.332150454	2.172686883	-2.418246457	0.210776963	-0.431904673	-0.562672825	0.332772294	-0.552345019	0.931820792	-0.811011207	1.826034053	-1.871405087	-0.570348756	-1.235621386	-2.418557968	-0.360473716	0.747948028	-0.198961398	0.323988235	-1.114467576	0.50347961	-0.637384007	1
L.sericata.24.png	L.sericata	Calliphoridae	1.539382945	2.028523966	0.674799162	1.573137556	-3.151088413	0.909116604	-0.90219023	-0.901727853	-0.398285463	-0.046213446	0.180679297	0.61970414	0.484643364	-1.013106266	0.440035579	-3.282515016	-3.600783952	0.087428166	-0.618145524	0.767356773	-1.021528416	0.26420797	-0.100546184	-0.553383483	1
synthetic_Le.alba_1	Le.alba	Sarcophagidae	-6.570508668	-6.158173955	5.314273986	-1.615194175	-5.435187097	-4.733330692	1.890284917	0.579775525	-0.50682416	1.332355381	0.790074977	-1.698659685	-1.578780889	6.697618692	-2.03661278	-1.16451984	1.063757403	-1.599315807	1.552336945	-0.226840638	0.186173541	3.818976616	0.623824298	-0.930992805	1
synthetic_Le.alba_2	Le.alba	Sarcophagidae	-6.839912034	-6.128449104	5.217673317	-1.38890987	-4.453416818	-3.640390237	1.512563898	1.509832985	-0.044148269	1.878662074	1.695658211	-1.007089959	-0.827350032	6.382169689	-1.204368624	-1.544869977	1.344029259	-2.129757141	0.583572163	-0.125475406	1.055176097	2.072669817	-0.107065481	-1.119202259	1
synthetic_Le.alba_3	Le.alba	Sarcophagidae	-7.318598586	-6.583701064	5.287586153	-1.345618806	-4.117939532	-3.822070866	1.111019849	0.922583949	-0.161332276	1.76062382	1.863638509	-0.219570406	-1.185071136	7.161231418	-0.695047317	-0.458990648	1.277193154	-1.884780089	1.25254287	0.090265762	0.733321576	3.308484216	-0.777293282	-1.461950788	1
synthetic_Le.alba_4	Le.alba	Sarcophagidae	-6.909259693	-6.388067011	5.562352049	-1.652104419	-4.65662466	-3.507684688	2.019297397	2.008575374	-0.018309579	2.25418843	2.140035524	-0.622386931	-1.293720659	7.513415745	-0.630773502	-1.34252106	1.922787618	-2.377704783	0.089442798	0.210960186	0.967642078	2.65318088	-0.270937134	-1.444624284	1
synthetic_Le.alba_5	Le.alba	Sarcophagidae	-8.412639898	-7.733650382	4.513368577	-2.266272025	-2.231983319	-4.087612228	0.053311815	0.72289972	0.059292945	1.143327235	2.733783537	-1.133891125	-1.635744547	8.525403896	-0.145357317	0.726079545	1.211892283	-1.743634005	1.748462427	0.401050407	0.038019592	5.010963021	-1.339391254	-1.567575596	1
synthetic_Le.alba_6	Le.alba	Sarcophagidae	-7.083351742	-7.173260195	5.593852546	-1.975097048	-4.949496717	-3.775242276	2.280073768	2.295589817	0.054125703	2.021601738	2.490194037	-0.350550018	-1.099284551	7.24790148	-2.517215093	-0.472290818	1.148673474	-2.475150043	1.689683944	-0.845650522	0.600185413	3.693456515	1.533645185	-0.424552878	1
synthetic_Le.alba_7	Le.alba	Sarcophagidae	-8.263852892	-7.687958098	4.66113439	-2.06481015	-2.671776432	-4.149451601	0.211552525	0.643034144	-0.003249966	1.143777575	2.55736854	-0.763394362	-1.674562731	8.652080456	-0.124878368	0.367843471	1.466627516	-1.938930871	1.286212349	0.445838359	0.13637139	4.738035488	-1.135111768	-1.559827276	1
synthetic_Le.alba_8	Le.alba	Sarcophagidae	-8.041603454	-6.065352052	5.390032513	-1.586878992	-0.865391121	-2.872718085	-1.001828893	1.000707174	1.089260806	0.62847596	-0.053203541	0.332936747	-0.966682135	8.144807374	-1.327217552	-1.274457742	1.07929957	-2.429736831	0.115281676	0.086779518	-0.372811235	3.614852757	0.414218341	-0.019702673	1
synthetic_Le.alba_9	Le.alba	Sarcophagidae	-7.104373239	-5.801016734	4.523501068	-1.892719385	-5.53527562	-6.035919726	1.959793923	0.696103262	-0.819655458	-0.432703453	-0.116124676	-0.586451004	-1.550147422	6.593133275	-3.046289232	-1.321389288	0.917570312	-1.443850937	2.01403654	-1.127741475	-0.286930719	3.889068459	1.641072398	-0.403084145	1
synthetic_Le.alba_10	Le.alba	Sarcophagidae	-6.30380509	-6.374379141	5.343898	-1.719897285	-6.372903176	-5.489950294	2.252543393	0.168637929	-0.732433523	0.831755373	0.215757806	-2.014076802	-1.983347245	7.102868489	-2.525657526	-0.97425824	0.876113336	-1.375825577	1.961754697	-0.25855812	-0.485054429	4.929776454	1.129453657	-0.640761649	1
synthetic_Le.alba_11	Le.alba	Sarcophagidae	-6.267945304	-6.399878828	5.307225084	-1.69179283	-6.45402673	-5.54241328	2.245402586	0.146065614	-0.728739182	0.747657774	0.154943006	-2.034486063	-1.986063082	7.064186315	-2.579216223	-0.945664507	0.87921336	-1.381133134	2.022998325	-0.299494366	-0.443718692	4.927495629	1.182309268	-0.65327732	1
synthetic_Le.alba_12	Le.alba	Sarcophagidae	-5.752249475	-7.622975158	4.845339686	-1.131078378	-7.864375315	-5.292391614	2.581638573	1.785177582	0.052201479	-0.136573684	0.559457343	-0.890298748	-1.059791718	6.954167496	-3.052589562	-0.806715193	1.128094337	-2.555994423	1.674464613	-1.073812305	0.640922228	3.488398912	2.160171167	-0.188112711	1
synthetic_Le.alba_13	Le.alba	Sarcophagidae	-6.202050823	-7.119357822	4.62484772	-1.332019733	-7.190853866	-5.546246516	2.393994405	1.660308471	-0.150832894	-0.428552736	0.363207426	-0.54474554	-0.928030858	6.692230282	-2.53883382	-1.003637863	1.22163466	-2.492145663	1.379203807	-0.864193383	0.913616526	2.915451525	1.534189422	-0.495213816	1
synthetic_Le.alba_14	Le.alba	Sarcophagidae	-6.191151896	-6.582012811	5.238444707	-1.608295599	-6.664044861	-5.505182	2.295472232	0.390149407	-0.612447579	0.61598491	0.215180131	-1.864102596	-1.848129962	7.047803169	-2.649707295	-0.924973257	0.916274777	-1.55608433	1.971097398	-0.414799765	-0.282202411	4.71319655	1.327924848	-0.584008628	1
synthetic_Le.alba_15	Le.alba	Sarcophagidae	-6.366800079	-6.799189565	5.044262029	-1.259158886	-5.928812638	-4.317504202	1.970741034	1.690153472	0.027273925	1.004934022	1.239292341	-0.91258508	-1.397135427	8.045803443	-1.591532567	-0.958578023	1.831251509	-2.711479959	0.514892526	-0.271029369	0.647906506	3.471802736	1.005294476	-0.825050797	1
synthetic_Le.alba_16	Le.alba	Sarcophagidae	-6.275402662	-6.382191915	5.313904302	-1.699901192	-6.433632006	-5.546028785	2.240540356	0.122362795	-0.740032184	0.760444441	0.149093417	-2.051031891	-1.999457678	7.065777272	-2.572370881	-0.947673821	0.875614349	-1.364143737	2.02803839	-0.288297133	-0.459403433	4.948306074	1.168168633	-0.660003958	1
synthetic_Le.alba_17	Le.alba	Sarcophagidae	-7.618977971	-7.266910349	5.148072191	-1.312044801	-4.588393351	-4.626495064	0.98880665	0.386416968	-0.333842526	0.896174615	1.576295678	0.695787756	-1.715622528	8.809302244	-0.171241291	-1.176498985	2.39525477	-2.670740578	-0.4812083	0.538833136	0.64103837	3.387079408	-0.279259622	-1.508980171	1
synthetic_Le.alba_18	Le.alba	Sarcophagidae	-7.825781648	-7.553427022	5.096198953	-1.471649115	-3.966652385	-4.331524297	0.677458159	0.407887184	-0.187394075	1.145103507	2.037952635	0.327453435	-1.788854498	9.025052259	-0.064582521	-0.686905369	2.216640458	-2.513940367	-0.074783292	0.577706822	0.425947044	3.934459241	-0.533654888	-1.537014017	1
synthetic_Le.alba_19	Le.alba	Sarcophagidae	-7.566604794	-6.748586032	4.85436003	-1.512316788	-4.766755642	-5.118997659	1.250362496	0.559953563	-0.48989986	0.334304776	1.026720115	0.495972682	-1.442846682	7.971461595	-0.468346605	-1.283838666	2.089786517	-2.481281624	-0.112260335	0.326850616	0.852200276	2.912585678	-0.273878812	-1.467371605	1
synthetic_Le.alba_20	Le.alba	Sarcophagidae	-7.519830177	-7.433589478	5.359286281	-1.313981054	-4.664923148	-4.311592937	1.141124408	0.632493915	-0.221846267	1.294719867	1.901823082	0.659566625	-1.702571432	9.03179534	-0.24266421	-1.198047053	2.331394741	-2.727902577	-0.582689838	0.551350895	0.412737092	3.565513642	-0.144174764	-1.285331151	1
synthetic_Le.alba_21	Le.alba	Sarcophagidae	-7.107200032	-6.278857658	5.002877937	-1.929415426	-5.403898197	-5.009414631	2.327076519	1.789365291	-0.411796498	0.598863243	1.057135316	-0.04195422	-2.437414739	6.292103927	-1.999094492	-0.766787164	0.55895527	-3.66343145	3.212597015	-0.921373637	-0.070987666	4.240822051	0.061808597	0.72990497	1
synthetic_Le.alba_22	Le.alba	Sarcophagidae	-7.437619151	-5.590133262	4.209926011	-1.966748073	-5.179167476	-6.20363716	1.85925992	0.978861601	-0.832328757	-0.899060576	-0.186272203	0.039050839	-1.01290013	6.924681915	-3.066431675	-0.792538761	1.134930172	-2.698158756	1.686357719	-1.141952633	0.7219357	3.375345432	2.191020871	-0.117935359	1
synthetic_Le.alba_23	Le.alba	Sarcophagidae	-7.039727231	-6.419497715	5.16480164	-1.921791962	-5.449789037	-4.765549994	2.422606391	1.954873128	-0.325922262	0.904744801	1.31104371	-0.058495751	-2.728305867	6.162929173	-1.78114031	-0.761528593	0.441339075	-3.860543687	3.524260699	-0.876330593	-0.232905537	4.417555563	-0.372984389	0.903037087	1
synthetic_Le.alba_24	Le.alba	Sarcophagidae	-6.789693624	-6.859164935	5.787528785	-1.825050549	-5.382924699	-3.650617615	2.618637561	2.496645619	0.030332375	2.241879567	2.342761267	-0.262689704	-3.654530137	6.015339769	-0.733794365	-0.51235389	0.102336091	-4.282825705	4.451549884	-0.526559979	-0.802194914	5.174024345	-2.142685194	1.19317869	1
synthetic_Le.alba_25	Le.alba	Sarcophagidae	-7.146078613	-5.823610405	5.321204724	-1.448209409	-3.470336686	-3.268840066	1.051651855	1.389543363	0.062172742	2.090311496	1.647562244	-0.878627492	-1.544479387	8.445618305	-0.293758055	0.579569982	1.127981042	-1.774580072	1.674098649	0.351106066	-0.03787564	4.914827428	-1.181725371	-1.382427382	1
synthetic_Le.alba_26	Le.alba	Sarcophagidae	-7.851129503	-6.402042285	5.44999912	-1.37397268	-2.054689081	-3.299969939	-0.430662207	0.777197963	0.707678577	0.760235669	0.317677205	0.669208791	-1.211092649	8.484055488	-0.987536353	-1.451568183	1.600623793	-2.629136181	-0.354330107	0.252413851	-0.080095408	3.447367917	0.359405373	-0.398407726	1
synthetic_Le.alba_27	Le.alba	Sarcophagidae	-7.906879645	-6.109804934	5.495771921	-1.414232404	-1.399632161	-3.00431005	-0.778494302	0.902053581	0.967145959	0.657374169	-0.083347262	0.638437103	-1.044119851	8.297968807	-1.240595874	-1.537698315	1.352354949	-2.595581728	-0.276748196	0.15085432	-0.247528112	3.407229618	0.530489431	-0.09708834	1
synthetic_Le.alba_28	Le.alba	Sarcophagidae	-7.596587723	-5.798257931	5.445089654	-1.454681	-1.931091372	-2.940348967	-0.165010914	1.200758765	0.718198615	1.243128304	0.452052489	-0.06858555	-1.167136998	8.249167534	-0.968680052	-0.631240986	1.096188605	-2.202443679	0.656081138	0.178482173	-0.256612225	4.06585221	-0.139461479	-0.49247196	1
synthetic_Le.alba_29	Le.alba	Sarcophagidae	-7.529632756	-6.382682961	4.647018452	-1.653695714	-4.892667755	-5.466672283	1.435003818	0.682459051	-0.600066133	-0.062338585	0.638755707	0.354916307	-1.141630511	7.107401971	-2.524158678	-1.543986653	0.993515186	-1.940156754	1.079390312	-0.845931589	-0.302127797	3.400237573	1.375655119	-0.064042711	1
synthetic_Le.alba_30	Le.alba	Sarcophagidae	-5.935471164	-7.451081486	4.718723383	-1.195919513	-7.622884672	-5.397909023	2.511439752	1.811345178	-0.002275575	-0.318277934	0.488760896	-0.670222752	-1.933128991	6.978380452	-2.652600883	-1.021384462	0.878497087	-1.355306245	2.032489172	-0.431715503	-0.44880782	4.776756784	1.237920094	-0.620761774	1
synthetic_Le.alba_31	Le.alba	Sarcophagidae	-7.072931232	-6.350287419	5.085117461	-1.92554354	-5.427205722	-4.885558079	2.375595241	1.873425163	-0.368181782	0.754217605	1.186092998	-0.050355508	-1.148052389	6.686974984	-3.169275228	-1.112094571	1.052212367	-2.119408478	1.810368955	-1.307221326	0.303352578	3.386332033	2.066046449	-0.211720132	1
synthetic_Le.alba_32	Le.alba	Sarcophagidae	-7.205367201	-5.732894826	4.424236174	-1.914837933	-5.428480004	-6.095773875	1.926093626	0.772218325	-0.827078298	-0.583130439	-0.147690435	-0.401619797	-1.452797146	6.97560214	-2.579812467	-1.404321081	1.270594197	-1.754038201	1.451045552	-1.045689965	-0.046234237	3.463828305	1.404954537	-0.548582527	1
synthetic_Le.alba_33	Le.alba	Sarcophagidae	-5.741135828	-7.686206527	4.814935243	-1.087570424	-7.879941568	-5.212949768	2.576654819	1.928617288	0.121725804	-0.15052274	0.635773856	-0.787607633	-0.853188464	8.02829096	-1.517571893	-1.632631224	1.079131762	-2.542864082	-0.162222913	0.029812719	-0.387333253	3.317754169	0.696910604	0.199442804	1
Le.alba.10.png	Le.alba	Sarcophagidae	-7.051164841	-5.828951693	5.295104506	-1.446845966	-3.794626639	-3.338046944	1.30797975	1.429316717	-0.076039534	2.268797014	1.899433597	-1.049288049	-0.822382286	6.065683275	-1.144151567	-1.527996832	1.394958956	-2.050332413	0.726960146	-0.155331397	1.332515694	1.833287526	-0.261639455	-1.372727473	1
Le.alba.2.png	Le.alba	Sarcophagidae	-8.457738948	-7.747500239	4.468579062	-2.327337434	-2.098676974	-4.068868003	0.005347238	0.747107894	0.078250419	1.143190731	2.787256949	-1.246192949	-1.62397831	8.487006776	-0.151564721	0.834665013	1.134679108	-1.684437281	1.888575734	0.387474664	0.008208032	5.093690491	-1.401310712	-1.569924201	1
Le.alba.3.png	Le.alba	Sarcophagidae	-6.288378179	-6.351417365	5.325525885	-1.714009431	-6.398145967	-5.552319626	2.23208026	0.081120799	-0.759681575	0.78269275	0.138915358	-2.079820997	-2.022763761	7.068545476	-2.560460248	-0.95116995	0.86935221	-1.334582838	2.036807911	-0.268814378	-0.486694282	4.984515449	1.143564471	-0.671708049	1
Le.alba.4.png	Le.alba	Sarcophagidae	-5.702485997	-7.74100118	4.800768793	-1.076970705	-8.000470755	-5.268265091	2.614084583	1.94334817	0.127560482	-0.221900014	0.598492059	-0.779887267	-0.970408632	6.943550929	-3.098269015	-0.793306899	1.152110787	-2.669365873	1.6408319	-1.14853223	0.745587617	3.349529342	2.254532623	-0.143225381	1
Le.alba.6.png	Le.alba	Sarcophagidae	-7.642232989	-7.497059481	5.278487834	-1.223118964	-4.509195973	-4.40781143	0.872669225	0.309362321	-0.264549115	1.145659062	1.820321156	0.784510713	-1.836741916	9.181324726	-0.039319001	-1.128837447	2.530890416	-2.754865155	-0.645030547	0.632958748	0.547277132	3.59776665	-0.281648838	-1.527455428	1
Le.alba.7.png	Le.alba	Sarcophagidae	-6.745773084	-7.032214657	5.870243588	-1.888579336	-5.64971853	-3.703121568	2.838794866	2.675929831	0.048200161	2.237358118	2.417229083	-0.130561112	-3.995611396	5.600162336	-0.831594194	-0.738618936	-0.07107138	-4.719289125	4.882064603	-0.68009464	-0.938322076	5.187518396	-2.267217323	1.657309967	1
Le.alba.8.png	Le.alba	Sarcophagidae	-7.970325799	-5.777225759	5.547863415	-1.460049771	-0.65414809	-2.667835873	-1.174342782	1.044144858	1.262431444	0.540313182	-0.53973104	0.603417545	-0.85409734	8.086193843	-1.528588926	-1.635718256	1.069813901	-2.557395261	-0.188456512	0.035275032	-0.438074016	3.36155044	0.725190739	0.245826598	1
Le.alba.9.png	Le.alba	Sarcophagidae	-7.447475142	-5.569589471	4.186273242	-1.96786166	-5.172464039	-6.239259332	1.845305533	0.954685285	-0.844872711	-0.943741779	-0.223361502	0.041467119	-1.351426164	6.393236439	-3.250566019	-1.477055622	0.937844605	-1.489794957	2.004461849	-1.488895035	-0.202936022	3.428465246	1.850259836	-0.2901357	1
synthetic_S.princeps_1	S.princeps	Sarcophagidae	-4.209551789	-6.511389516	1.003056455	-2.184200116	2.955772735	0.645802261	-0.445131133	-0.194676139	0.567906585	0.987704624	1.315257473	1.245337379	-1.165047966	9.085777599	0.773449361	-1.505252364	0.48149414	-1.097314777	-0.030181004	-1.732962243	-1.011599532	1.361732151	0.901921086	2.447546547	1
synthetic_S.princeps_2	S.princeps	Sarcophagidae	-3.822141515	-7.174641941	-0.643469593	-1.290035476	2.480861111	3.067602875	-0.478005568	-1.680242594	-0.033440187	0.833217299	1.576139811	1.366681908	-0.73868669	9.135529324	2.470029047	-1.75965325	-1.03276405	0.746651893	-1.844854212	-1.568851134	-1.309227702	0.249925713	-0.97815388	4.185665271	1
synthetic_S.princeps_3	S.princeps	Sarcophagidae	-3.773858115	-6.97632786	-0.298919214	-1.493119584	2.730420461	2.504147292	-0.498864513	-1.300681972	0.11125683	0.899543403	1.6242279	1.310594428	-0.818004	9.040205132	1.956368989	-1.592537685	-0.657552363	0.070704936	-1.440308823	-1.550937074	-1.259243368	0.590062473	-0.483430035	3.847432708	1
synthetic_S.princeps_4	S.princeps	Sarcophagidae	-2.603206167	-4.767619855	-0.4313031	-0.722378651	3.516291459	0.740697158	-2.126950185	-0.530931125	0.178216364	1.415968503	1.826130232	1.38530445	0.281503855	9.69320941	0.234470263	-2.51236033	-0.273973146	0.719309042	-1.864302114	-2.837165934	-1.018077759	-0.498970863	1.618610046	2.007523273	1
synthetic_S.princeps_5	S.princeps	Sarcophagidae	-2.599810233	-4.766658031	-0.425236162	-0.72072913	3.514752591	0.74268246	-2.130422342	-0.531662569	0.181917185	1.42323956	1.823794811	1.391606797	0.287979107	9.697734375	0.233315893	-2.519196871	-0.2773899	0.731992275	-1.872067374	-2.843686029	-1.017606742	-0.509069451	1.621883595	2.003322451	1
synthetic_S.princeps_6	S.princeps	Sarcophagidae	-4.164141479	-6.890546245	-0.714774982	-1.423562943	3.107741756	1.379069211	0.864886897	0.025789781	0.871639083	0.530311808	0.597137987	0.455755095	-1.653126414	10.48813334	2.075217415	-3.237788611	0.705218297	2.340652507	0.984626278	-2.764252177	-0.564383176	0.414673674	0.718320176	0.610234423	1
synthetic_S.princeps_7	S.princeps	Sarcophagidae	-3.22709012	-5.666556131	-0.469435934	-1.000921469	3.3195182	1.042379911	-0.889272561	-0.301801171	0.527213488	1.135689213	1.26583493	1.072804912	-0.90323064	9.646585187	1.631630492	-3.432154654	0.047686035	1.983876791	0.86328195	-2.081411212	-1.440212971	0.097577343	0.352381155	1.127137282	1
synthetic_S.princeps_8	S.princeps	Sarcophagidae	-5.335072425	-6.951066817	0.659475583	-1.977062713	2.055312482	0.600199688	0.525099753	-0.05172884	0.815516686	0.522922573	0.025039898	0.994115375	-1.529639821	9.897283037	2.413518059	-3.517342383	1.367481297	2.303361592	0.474674148	-2.356153405	-0.644369337	0.323143816	0.268527991	1.293770819	1
synthetic_S.princeps_9	S.princeps	Sarcophagidae	-4.012071455	-6.756750614	-0.271411005	-1.638855653	3.213236253	1.225065653	0.443246986	-0.041290715	0.769057797	0.697860328	0.955409996	0.66485026	-1.457550709	10.31744064	1.740416865	-2.702552908	1.114662806	1.904266244	0.432513483	-2.254800714	-0.313700956	0.153770999	1.034511831	0.835220897	1
synthetic_S.princeps_10	S.princeps	Sarcophagidae	-6.18990639	-6.973536193	1.687587326	-2.381518265	1.275345484	0.013857039	0.239616145	-0.115517726	0.767353356	0.528600649	-0.388723368	1.406498507	-1.125183101	10.0511534	1.207172785	-1.900747338	1.696914126	1.232628842	-0.445911897	-1.50756549	0.047120402	-0.255545391	1.521720883	1.194395958	1
synthetic_S.princeps_11	S.princeps	Sarcophagidae	-6.034574208	-6.969453275	1.500768777	-2.308024504	1.417073563	0.120401569	0.291491472	-0.103926625	0.776105132	0.527568884	-0.313538298	1.331564222	-1.168428798	10.08580111	1.276555333	-2.005073511	1.621155047	1.320018306	-0.331616411	-1.604791294	0.000172472	-0.202287576	1.458328139	1.147662235	1
synthetic_S.princeps_12	S.princeps	Sarcophagidae	-6.246533954	-6.516978488	0.786767625	-3.129745988	3.235869172	1.460923731	-0.758430655	-0.980027557	-0.049069825	0.771665001	0.863814156	1.775493594	-0.891619387	9.210363973	1.215032183	-1.135601089	1.261194069	0.521301141	-0.595044492	-1.728183448	-0.258839302	-1.251533624	-0.207346297	0.443130767	1
synthetic_S.princeps_13	S.princeps	Sarcophagidae	-3.734549464	-6.814875707	-0.018412655	-1.658455127	2.933592592	2.045424864	-0.515846271	-0.991672753	0.229058071	0.953541044	1.663377543	1.264932292	-1.023771293	9.153061908	2.649944586	-2.767551327	0.476600997	1.490914032	-1.077885629	-1.709463023	-1.04397204	0.205628148	-0.660334067	3.228869556	1
synthetic_S.princeps_14	S.princeps	Sarcophagidae	-5.137388534	-6.809388811	0.080913679	-2.302711534	2.953894734	2.263124324	-0.653833548	-1.335986895	-0.070305482	0.80359094	1.227361153	1.595765905	-0.863324039	9.573687212	1.665610268	-1.641922556	0.592732652	0.871502702	-1.316847206	-1.347907345	-0.477900826	-0.143890522	0.492673636	2.652455169	1
synthetic_S.princeps_15	S.princeps	Sarcophagidae	-3.711898056	-6.721839733	0.143227809	-1.753728886	3.050669489	1.781088419	-0.525631921	-0.813607776	0.296940431	0.984656906	1.685937324	1.238619721	-1.09574685	9.155238353	2.68270986	-3.011966875	0.856667311	1.658990527	-0.879956018	-1.743682704	-0.977537498	0.202358759	-0.570970456	2.985689106	1
synthetic_S.princeps_16	S.princeps	Sarcophagidae	-2.605907755	-4.76838502	-0.436129567	-0.723690903	3.517515683	0.739117779	-2.12418796	-0.530349235	0.175272228	1.410184117	1.827988142	1.380290707	-1.29287242	9.163824664	2.624395233	-3.551844499	2.057433165	2.046130792	-0.243027813	-1.849691143	-0.699063836	0.02949763	-0.269513132	1.96100042	1
synthetic_S.princeps_17	S.princeps	Sarcophagidae	-3.06413326	-4.898167361	-1.254763124	-0.946266607	3.725160558	0.471233902	-1.655677495	-0.431652894	-0.324092702	0.429074539	2.143114709	0.529892598	-1.02524475	9.169915109	1.702776467	-1.943331747	1.507728612	1.025817855	-0.466650125	-1.788832931	-0.424659111	-0.843784668	-0.295445029	0.927658203	1
synthetic_S.princeps_18	S.princeps	Sarcophagidae	-3.503630695	-5.128093829	-1.215944288	-1.120440619	3.738350855	0.539231768	-1.405133271	-0.522846139	-0.326668319	0.103657677	2.151374092	0.214454028	-0.797999724	9.148610812	1.237469532	-1.508851333	0.956429987	0.694171537	-0.369289604	-1.729296178	-0.573068659	-1.109602721	-0.244235752	0.576079457	1
synthetic_S.princeps_19	S.princeps	Sarcophagidae	-4.645896068	-6.00529203	1.169715237	-1.512820435	3.2533865	1.613785456	-1.330518965	-1.25441614	0.953799516	1.032160114	1.32672898	0.89863824	-1.294940591	9.156040071	2.724232841	-3.836453264	2.036974496	2.210284484	-0.157353863	-1.84786392	-0.812651027	0.175267475	-0.247911798	2.122662794	1
synthetic_S.princeps_20	S.princeps	Sarcophagidae	-6.391653323	-6.655789088	1.246866628	-2.985785146	2.510422962	0.923454941	-0.518322908	-0.737312174	0.182431091	0.701103456	0.416344316	1.744801409	-0.775887912	9.507517129	1.554843833	-3.462614201	-0.062188743	1.92255264	0.836441418	-1.970387885	-1.584319728	0.043097874	0.294860559	1.214577759	1
synthetic_S.princeps_21	S.princeps	Sarcophagidae	-5.658702044	-6.656937628	0.381492199	-2.712811355	3.15106806	1.922753125	-0.724515644	-1.185312725	-0.079718628	0.794214282	1.090398363	1.684836828	-0.424392759	9.049743559	1.575090179	-3.147883774	-0.592410756	1.496659315	0.126270394	-1.579129896	-1.906753089	-0.061530778	-0.168719659	2.153681885	1
synthetic_S.princeps_22	S.princeps	Sarcophagidae	-4.747164789	-6.036617993	1.139879837	-1.618412167	3.260480822	1.610047676	-1.296457336	-1.239524695	0.886696608	1.016211141	1.302036455	0.955363545	-1.232910023	9.147341562	2.631766291	-3.819272053	1.877281652	2.177983957	-0.099498055	-1.830756213	-0.894696252	0.154509209	-0.225958994	2.083955534	1
synthetic_S.princeps_23	S.princeps	Sarcophagidae	-4.209475418	-5.693706992	0.380677367	-1.326983154	3.413262393	1.253463791	-1.372951385	-1.015368519	0.556214707	0.727265673	1.617233634	0.639229529	-1.237683154	9.379467992	2.276256772	-3.193739188	2.104147211	1.863929174	-0.385084488	-1.663700525	-0.477361018	0.011470871	0.304243133	1.927955106	1
synthetic_S.princeps_24	S.princeps	Sarcophagidae	-5.777586815	-6.355363625	0.836300875	-2.692821385	3.33266644	1.572015288	-0.949875957	-1.088002365	0.203916034	0.85392833	1.050786885	1.532550688	-0.601741163	9.058833131	1.690907464	-3.644451059	0.252386789	1.849322004	0.489192099	-1.656683132	-1.729516789	-0.056708772	-0.002586442	1.690104272	1
synthetic_S.princeps_25	S.princeps	Sarcophagidae	-6.310740239	-6.659049427	1.083029447	-3.617851722	3.351060676	1.129649066	-0.630035467	-1.074749602	0.263522309	0.770427419	0.694585775	2.32322949	-0.691224997	9.529963883	0.981429293	-3.378835351	-0.177038379	1.084696728	0.691690714	-2.375404653	-2.260244513	0.068050396	-0.410570171	2.176777807	1
synthetic_S.princeps_26	S.princeps	Sarcophagidae	-6.240659244	-6.90472506	1.881685698	-4.255957305	3.309629607	0.317843435	-0.382877187	-1.210573251	1.105465968	0.782362954	0.275851652	3.231977125	-1.535771869	10.53194478	0.616408702	-3.053242466	0.725956223	-0.038510711	0.454942267	-3.945537234	-2.393788028	0.533352078	-1.43450397	3.533867799	1
synthetic_S.princeps_27	S.princeps	Sarcophagidae	-5.208872286	-6.334983422	1.456488916	-2.513583422	3.271577694	1.119203542	-0.983655372	-1.244656068	1.043574128	0.944018748	0.935901959	1.765523147	-1.41647023	9.687120221	1.960597417	-3.544595885	1.610260896	1.364246417	0.049836364	-2.659352919	-1.379485811	0.322216312	-0.712743809	2.681433227	1
synthetic_S.princeps_28	S.princeps	Sarcophagidae	-3.743752096	-5.320509838	-0.672789376	-1.190704349	3.627758972	0.782206445	-1.394185311	-0.690397386	-0.026320237	0.315802956	1.969664786	0.358958457	-0.692494517	9.119776023	1.248430728	-1.973500452	0.639984464	0.922785187	-0.118564101	-1.696029504	-0.914873839	-0.892653389	-0.168064825	0.789092929	1
synthetic_S.princeps_29	S.princeps	Sarcophagidae	-2.597050998	-4.886835393	-0.307301577	-0.716765532	3.419665339	0.924310053	-2.10996387	-0.61648478	0.249419121	1.547305719	1.758137731	1.528056301	0.370033904	9.764320354	0.340996256	-2.62515014	-0.397937385	1.013351884	-2.042173465	-2.91195265	-1.024558006	-0.687194727	1.539430313	2.040393244	1
synthetic_S.princeps_30	S.princeps	Sarcophagidae	-6.313520826	-6.944958441	1.911711771	-4.378998324	3.312316714	0.261253879	-0.340452102	-1.208166428	1.109836577	0.770947326	0.229240955	3.335533539	-0.798611282	9.146253368	2.547445491	-2.002949992	-0.712354503	0.965122967	-1.697065729	-1.602414129	-1.251798177	0.215855726	-0.939888851	3.989607154	1
synthetic_S.princeps_31	S.princeps	Sarcophagidae	-4.508880526	-7.160217213	0.000607814	-2.14799382	2.675784121	2.355194492	-0.410169463	-1.58512869	0.248618448	0.804448139	1.19798157	1.944946895	-1.059542333	9.575767482	0.978859961	-1.56970847	1.036335916	0.265341317	-0.291457112	-2.400702253	-0.887779539	-0.817343507	-0.643954318	1.248061672	1
S.princeps.1.png	S.princeps	Sarcophagidae	-3.634269505	-6.402996513	0.697185206	-2.080241206	3.45190326	0.875182035	-0.559168286	-0.203361999	0.5295798	1.091293957	1.763251859	1.148444012	-1.047312478	8.764620327	0.471363933	-1.109402087	0.427194726	-1.883475912	-0.270757215	-1.499147046	-1.114737314	1.573407	0.946829917	2.869593265	1
S.princeps.10.png	S.princeps	Sarcophagidae	-2.521083882	-4.744360516	-0.284589183	-0.682489065	3.479077748	0.788706787	-2.210915721	-0.548619292	0.267711578	1.591801057	1.76965386	1.537711148	0.43809183	9.802634527	0.206554667	-2.677685201	-0.356598904	1.026021725	-2.052085754	-2.994838339	-1.006687379	-0.743180272	1.697772746	1.905936778	1
S.princeps.11.png	S.princeps	Sarcophagidae	-4.187379137	-6.920899612	-0.720859073	-1.434043903	3.102489975	1.387418669	0.908387776	0.033913612	0.88018039	0.515299234	0.58055517	0.44045306	-1.682702379	10.49782831	2.101645793	-3.245710118	0.72023551	2.359245245	1.027574301	-2.760991011	-0.558127696	0.431049128	0.704467842	0.591909388	1
S.princeps.2.png	S.princeps	Sarcophagidae	-6.738928602	-6.987967284	2.347898225	-2.641282256	0.774407027	-0.362725025	0.056262595	-0.156486518	0.73642017	0.532247427	-0.654465293	1.671354033	-0.972331015	9.928690927	0.961939893	-1.532006069	1.964684891	0.923750433	-0.849889746	-1.163920502	0.213058043	-0.443785346	1.745782789	1.359576486	1
S.princeps.3.png	S.princeps	Sarcophagidae	-3.826544812	-7.192727574	-0.674891527	-1.27151483	2.458102066	3.118988291	-0.476103296	-1.714857354	-0.04663611	0.827168562	1.571754325	1.371796914	-0.731453196	9.144222597	2.516873264	-1.774893675	-1.066982202	0.808296176	-1.881747506	-1.570484841	-1.313786119	0.218906288	-1.023271172	4.21651104	1
S.princeps.5.png	S.princeps	Sarcophagidae	-3.300101536	-4.965000208	-1.676327501	-1.06088442	3.832089576	0.333284145	-1.414412865	-0.380828125	-0.58124618	-0.076158657	2.30539261	0.091970715	-0.88742693	9.173051451	1.22817872	-1.115010368	1.22465219	0.500396457	-0.5818069	-1.757493324	-0.283351371	-1.293491016	-0.308798946	0.395527234	1
S.princeps.7.png	S.princeps	Sarcophagidae	-6.22095718	-6.492513612	0.705676808	-3.155118576	3.363726494	1.555650699	-0.800748794	-1.022805282	-0.08987104	0.784101223	0.942679129	1.780902982	-0.330161596	9.020749691	1.286074385	-3.569229018	-0.446773565	1.707905219	0.742493914	-1.581782903	-2.088723674	-0.147591722	0.09352638	1.520637807	1
S.princeps.8.png	S.princeps	Sarcophagidae	-4.568392805	-5.981317555	1.19254895	-1.432008672	3.247957054	1.616646064	-1.356587108	-1.265812902	1.005154904	1.044366226	1.345626734	0.85522507	-1.342414	9.162697239	2.794999602	-3.849602437	2.159191074	2.235004816	-0.201632233	-1.860956839	-0.749859943	0.19115425	-0.264712779	2.152286344	1
S.princeps.9.png	S.princeps	Sarcophagidae	-6.529039166	-7.063965345	2.000526331	-4.742943151	3.320264949	0.093866805	-0.214962324	-1.201047253	1.122764466	0.73718087	0.091370491	3.64184457	-1.569116154	10.76806953	0.24071386	-2.915911344	0.478796951	-0.430575166	0.568167587	-4.3050201	-2.677281042	0.592363597	-1.636232764	3.772119518	1
Sy.nudiseta.17.png	Sy.nudiseta	Muscidae	-10.51932539	5.052690779	-0.36896133	-0.652170163	1.054701867	-0.114583618	-0.693438465	-0.435092781	-0.363240261	-1.295319141	-0.571450022	0.432950303	15.75686809	-0.89917323	2.840405081	0.166493551	2.586253632	0.702480124	1.663783663	-0.131354754	-0.363608509	-0.13261894	0.896889261	-0.63035746	1
Sy.nudiseta.40.png	Sy.nudiseta	Muscidae	-7.55288116	4.724998225	-1.081686054	1.928088849	1.424906297	-0.752734843	-0.829290405	-1.241961992	-0.593393925	-3.037193861	-1.048059343	-2.081516413	15.95783535	-1.881867884	1.193503682	-0.121468649	0.746419901	0.663058194	0.047334143	0.63086733	-0.206444747	1.050640254	-0.333190372	-0.310070797	1
Sy.nudiseta.15.png	Sy.nudiseta	Muscidae	-10.67349234	4.588373083	0.270648454	-1.216997289	-0.474512129	0.32849991	-1.778446703	1.359012211	-0.400239671	2.338032105	2.075057714	-0.029944108	12.52248544	-1.498954006	3.353928965	-0.780323056	-0.225287334	0.248622613	-0.331506398	0.073350375	1.432904801	1.143556115	-0.568188351	0.599798365	1
Sy.nudiseta.18.png	Sy.nudiseta	Muscidae	-9.132700638	4.783688218	0.120158279	0.21432744	0.791938742	0.210673124	-0.281219342	-0.485760629	0.50962488	-1.053099161	-0.559961134	0.737067426	15.78322239	-0.062243919	2.022512531	0.393876126	1.092147517	-1.222205806	1.021349287	-0.008175847	-1.334401706	0.976243884	0.340869133	-0.105285691	1
Sy.nudiseta.45.png	Sy.nudiseta	Muscidae	-9.163138691	5.213189658	-0.577080967	-1.256842195	-0.29649101	-1.057805362	-1.427782041	1.650585755	1.255824207	0.646889457	-0.206147213	1.712663385	14.69950937	0.790772101	3.114868593	0.366295761	-0.618608377	-0.950311692	-1.602630106	-0.072222567	0.851241221	-0.92123425	0.082733785	0.192895095	1
Sy.nudiseta.6.png	Sy.nudiseta	Muscidae	-11.48269632	4.102233904	0.411174045	0.635072217	0.07800961	0.545922165	0.310968424	0.07086574	-1.564867336	-0.767702107	-0.727813473	-2.193284394	15.29797228	-0.737465196	3.361960954	0.862194794	0.144793328	0.48656285	-0.204057277	0.727287825	0.203425492	0.768220794	0.195868804	-0.177090733	1
Sy.nudiseta.79.png	Sy.nudiseta	Muscidae	-8.07063907	4.613148397	-0.339780527	0.866693922	1.536872398	0.889871961	0.493583351	-0.823424882	0.551543781	1.14188344	-0.881954708	-1.360272823	15.16980549	-2.164038654	1.755256813	-0.803258545	0.670813342	0.272735318	-0.204328012	0.939587893	-1.655878669	0.136936562	-1.100073895	-0.21330201	1
Sy.nudiseta.30.png	Sy.nudiseta	Muscidae	-11.29308599	4.096352809	0.136566338	0.391424979	0.143032819	0.988687144	-0.384420089	1.973592592	-1.645451687	0.378068228	0.655522007	-1.28841362	15.80575832	-0.539303526	1.437342804	0.662152332	0.755095386	-0.222956901	-0.182570476	0.706681444	0.096743731	-0.499475708	-0.440710236	-0.674999572	1
Sy.nudiseta.10.png	Sy.nudiseta	Muscidae	-9.793452856	5.175385548	0.329924948	-0.721123162	1.842854257	-0.471070596	2.009534954	-0.82210876	-1.014406732	0.211070912	-0.818807077	-1.391837481	15.33276753	-0.324258863	1.702211489	-0.454540596	0.009748388	-0.845964741	0.14403726	-0.536953276	-0.326578676	0.438682385	0.590524909	-1.008160261	1
Sy.nudiseta.67.png	Sy.nudiseta	Muscidae	-10.33142452	0.933709251	1.835175018	-0.396439842	-0.477239613	-0.013706199	0.870068005	-0.189066863	1.241378998	-1.969567699	-1.583716055	-1.811580331	15.02463679	-0.753820957	2.719338334	0.966920819	1.529142495	-0.592836084	0.657142102	0.739904574	0.723108083	1.208539204	0.142399477	-1.662353423	1
Sy.nudiseta.13.png	Sy.nudiseta	Muscidae	-11.13982352	4.823598075	-1.59027688	0.510278854	0.627464492	-1.621611403	1.17113918	-2.073326105	1.360376766	-0.771828568	-0.933876165	-1.974887015	17.04350667	-0.246622759	2.618149268	-0.742663846	-0.443828921	-0.850448045	-0.533956159	-0.027748691	-1.148490753	0.192539415	0.47251538	-1.069129577	1
Sy.nudiseta.20.png	Sy.nudiseta	Muscidae	-10.47599034	3.886040319	-1.361942289	0.873697291	0.276700643	2.464499284	-0.696621567	-1.311249511	-0.203467798	-2.508177021	0.688277096	0.513669786	15.98174271	0.209519199	2.583013819	0.781109271	1.051869626	-0.383276937	-1.439951107	0.396653231	1.220415986	0.368770521	0.635933713	0.3008126	1
Sy.nudiseta.14.png	Sy.nudiseta	Muscidae	-11.61715944	5.416352678	-1.252164546	-0.223400637	-0.44697595	-0.319967164	0.57588027	-0.770836695	0.390558864	0.06715465	-0.39182193	-1.399855846	14.99043038	-1.414938436	3.068790854	-0.738297907	0.678127269	0.636695768	1.297298499	0.32526991	-0.056855862	0.872881295	1.463937181	-0.298792497	1
Sy.nudiseta.69.png	Sy.nudiseta	Muscidae	-9.044424542	4.832535189	-0.631220242	-1.07059182	-0.113029213	-0.912694068	0.028562809	-1.129806972	-0.56737065	0.432188133	2.211168684	2.099772336	17.05643085	-0.819766812	-1.653298338	0.018653942	-0.296385343	-0.754698238	1.748092054	-0.375834531	-0.924704345	0.320518273	-1.644190934	0.419199116	1
Sy.nudiseta.96.png	Sy.nudiseta	Muscidae	-10.41620041	3.947551434	0.378776401	0.822862876	0.228341959	-1.868822573	-0.518263122	2.113826975	0.567191302	0.436653899	-0.770962052	-0.695473953	15.80782119	-1.143368005	2.14933748	1.475626746	5.800971562	1.60438711	2.907419625	-0.315073302	3.651665353	3.2216626	-4.06739451	1.764107827	1
Sy.nudiseta.49.png	Sy.nudiseta	Muscidae	-8.825444309	3.167481207	-1.053757028	-0.109082363	-0.349202533	-0.802162784	-1.538511625	2.204024182	-0.348163331	-0.44279449	-0.028108683	0.75951602	16.38895507	0.041628421	3.002783792	1.026146602	-0.141948285	0.132891036	1.292613186	0.69381293	0.062746417	-0.942964456	1.305840109	-0.565364326	1
Sy.nudiseta.36.png	Sy.nudiseta	Muscidae	-7.61228549	4.975171256	-0.370367492	0.19871564	0.634462882	0.4957033	-1.684350268	-0.458669732	-0.167408584	-0.791908321	-0.853033107	1.48566301	14.65857963	-1.556025608	2.458316972	1.007708572	0.441953699	-0.92769207	0.290295748	0.108150307	0.037465616	-0.492736625	-0.154927062	-1.006032893	1
Sy.nudiseta.54.png	Sy.nudiseta	Muscidae	-8.297055475	1.284388914	-0.066334586	-0.448333955	0.669242642	-0.063333806	-0.817050584	-1.415181167	-0.211732111	0.063168379	1.301995946	2.58331161	16.02816018	-0.357576438	3.200668425	1.716124407	-1.759145573	-1.979336197	0.316164625	1.721666044	-1.422322891	1.198990655	-1.906968912	0.293617536	1
Sy.nudiseta.38.png	Sy.nudiseta	Muscidae	-10.50052803	4.935819791	-1.657761377	0.310479461	0.971478792	-0.033743145	1.22873733	-0.947627805	-0.68822368	1.444893281	0.114493845	-0.015676837	13.2197567	-1.618093859	2.564075544	0.854915436	0.579179697	-0.857267262	0.684029755	1.43855106	0.039957383	1.669143419	-1.57776454	-0.119674781	1
Sy.nudiseta.32.png	Sy.nudiseta	Muscidae	-10.80581367	4.405895593	-0.341415309	-1.074711751	2.65661865	0.610267282	0.061306369	2.153677458	-1.130762229	1.513041354	1.161894018	-0.765554649	16.04446104	-2.55754093	3.012260088	0.358736949	2.404731381	0.512193957	-0.554763169	0.314308267	0.134588316	-0.017400435	-1.012107297	-0.429210128	1
Sy.nudiseta.66.png	Sy.nudiseta	Muscidae	-8.364390923	4.628691564	-1.316573596	1.236404942	1.248897932	0.718106394	0.614754396	-0.268246591	0.307771264	-0.111757281	1.395374438	-0.696603181	16.29817731	-1.781844834	2.466180855	1.189882439	1.102295342	1.566443914	-0.993150809	0.310623983	0.157500587	-0.302729789	-0.205567967	0.564273609	1
Sy.nudiseta.22.png	Sy.nudiseta	Muscidae	-10.44331083	3.14525302	-0.085413755	0.947681223	-0.273384945	1.583924574	0.222429742	-1.207654876	-0.274090113	-1.448711515	-0.611495547	-0.623630403	15.17961385	-0.632604217	3.089610819	-0.487623465	0.646702405	0.692312013	1.12665512	0.177379662	-0.035283177	-0.651880364	1.837378721	0.028449344	1
Sy.nudiseta.100.png	Sy.nudiseta	Muscidae	-7.898351255	5.632637846	-0.598531793	-0.502984036	2.354197626	-1.930510728	0.939683328	-0.785980039	2.604426712	0.087472307	1.221536114	0.740592518	16.63457805	-2.247954618	2.705395122	-0.230826489	0.549614349	0.843164516	0.505778998	0.177130598	-0.513500105	-0.698941948	0.287561547	1.03068663	1
Sy.nudiseta.3.png	Sy.nudiseta	Muscidae	-10.06646057	5.136202636	-1.564790587	0.06995736	0.161263588	0.586260976	-1.764075796	2.551944849	-1.148567137	-1.420373248	0.682229263	-2.127483577	16.36468661	-0.358950076	2.899064583	0.271670138	1.372928467	1.277262024	-0.141800168	-1.608356528	0.409767638	-0.62124702	1.01329462	2.573960466	1
Sy.nudiseta.78.png	Sy.nudiseta	Muscidae	-8.869068751	4.779912111	0.176589585	0.493715683	0.52295693	0.465144318	2.123942413	-1.272814935	0.709723998	-0.563006945	-0.071619307	-0.347814213	14.03364301	-1.826190218	3.213317881	-0.885511743	-0.327940296	0.448111201	0.677960026	0.477170823	0.038421065	-0.674335674	0.515311016	-0.58485219	1
synthetic_Z.aquila_1	Z.aquila	Sarcophagidae	-4.140756448	-9.522947143	2.633294751	-1.372017012	1.602410946	2.12931472	0.86275313	-0.595728174	0.52260033	-1.096932242	0.273509135	-0.480839031	4.210433308	4.81225617	-4.93243554	2.615735495	-1.203139045	-3.862836572	-2.860994774	3.702901745	3.16131058	0.604366976	1.507748886	0.312723446	1
synthetic_Z.aquila_2	Z.aquila	Sarcophagidae	-4.390151903	-9.321458563	2.149650736	-0.982986069	1.236413247	1.974207747	0.97889308	-0.190200724	0.390730342	-0.79245752	0.44413381	-0.506416899	1.327294349	7.502051408	-2.580225645	2.1207512	-0.996613515	-2.895686563	-1.499426052	1.545462442	1.160737409	0.384491795	-0.457810105	-0.554411308	1
synthetic_Z.aquila_3	Z.aquila	Sarcophagidae	-4.945477957	-9.546181859	1.46355369	-1.396362616	1.479401841	2.595400375	1.276153512	-0.553553371	-0.292883449	-0.712901099	0.959917762	0.192760025	3.774131905	5.701566962	-3.992833912	1.8804512	-1.531259206	-3.639326814	-2.23548511	2.96197394	2.377878222	0.791770623	0.213636005	0.239303802	1
synthetic_Z.aquila_4	Z.aquila	Sarcophagidae	-4.410122652	-9.573343834	3.133204063	-1.369727705	1.221430346	2.00497541	0.934029494	-0.598137058	0.613861174	-1.03508872	0.30731014	-0.393802246	1.211316029	5.479225441	-2.194928367	1.304990439	-0.532301908	-1.699319471	-1.411227396	1.287526379	-0.047733837	-0.163747193	0.953631753	1.377502657	1
synthetic_Z.aquila_5	Z.aquila	Sarcophagidae	-4.979943858	-8.499318081	-0.659483347	-0.537691539	1.191608262	2.27201754	0.529678418	-0.423089452	-0.399456999	-0.591045335	0.828630599	0.114200491	2.828215364	6.052787048	-1.710120048	2.166111692	-1.715282273	-2.196171663	-2.317983641	1.992449933	0.634953123	0.513026972	-0.108024291	1.410549435	1
synthetic_Z.aquila_6	Z.aquila	Sarcophagidae	-2.832102335	-8.50451552	-0.511404622	-0.229977005	2.711164728	2.124520558	-1.046716314	-0.75574999	-0.860265188	-0.90775964	-0.041931715	-1.59626956	0.848418052	8.565660371	-3.132720346	3.100638831	-0.688931479	-3.281654108	-1.631723462	1.380373399	1.370460862	0.159915353	-0.282952709	0.342512053	1
synthetic_Z.aquila_7	Z.aquila	Sarcophagidae	-2.593409618	-8.483812384	-0.509395729	-0.045441566	3.263483204	2.046933893	-0.847993051	-0.441651297	-0.915644948	-0.827452626	-0.187703303	-1.914027892	3.330712026	8.001046006	-3.472478015	2.67354514	-1.396581291	-3.182798154	-1.266059145	1.598228326	1.120389323	0.690257866	-0.65334782	-0.401803655	1
synthetic_Z.aquila_8	Z.aquila	Sarcophagidae	-4.223023827	-9.345554602	0.24999669	-1.084232112	1.206893477	2.380383668	-0.331001475	-1.264559372	-0.136610059	-1.324117373	0.407301474	-0.556727035	2.573319523	5.876201516	-2.841218439	2.78441054	-1.775136874	-2.421816858	-2.13784362	2.76792146	0.609406556	-1.346863689	-0.660215015	0.406025576	1
synthetic_Z.aquila_9	Z.aquila	Sarcophagidae	-4.695693948	-8.400379638	0.939769512	-0.051226558	0.712071989	1.743371604	0.214327124	0.327507583	0.704424877	-1.727599266	0.836620975	-1.028570014	2.311346278	6.149011304	-2.878776792	2.796864776	-2.128492846	-3.205086651	-1.889774321	3.367900018	0.342002118	-1.547365194	-1.007125181	1.018535034	1
synthetic_Z.aquila_10	Z.aquila	Sarcophagidae	-4.754929489	-9.616123612	0.970510398	-0.95392444	1.357899039	2.198935829	0.779000275	-0.42610916	0.440469297	-1.533996021	0.476541874	-0.721647501	2.145127615	7.560131217	-3.348892211	2.942597156	-1.68115665	-2.642672799	-1.860113172	1.812170037	0.741910784	0.023661332	-0.154321733	1.014049413	1
synthetic_Z.aquila_11	Z.aquila	Sarcophagidae	-4.510632915	-8.884010323	1.062078589	-1.79710595	1.719638759	2.570221425	-0.050492661	-0.691705366	0.14075268	-1.560317394	0.22134138	-0.647578058	2.651161201	6.02037508	-2.952673871	2.762644258	-1.451275746	-2.023233072	-2.38062008	2.391696295	0.621813805	-1.289460622	-0.520216603	0.194658223	1
synthetic_Z.aquila_12	Z.aquila	Sarcophagidae	-3.229708053	-9.005631302	0.67304028	-0.218006492	3.288214081	0.512622607	-0.661252781	-0.282727336	0.864453437	-2.580802458	1.055941838	-0.354095258	2.58766931	7.970675056	-4.006420302	2.506691816	-0.660761941	-1.745505617	-3.309754909	1.861449742	-0.501643089	-1.452212679	-0.643943662	1.069042077	1
synthetic_Z.aquila_13	Z.aquila	Sarcophagidae	-4.415066099	-8.95086986	0.849800992	-1.727896153	1.937000478	2.500070027	-0.083422042	-0.688066676	0.050196407	-1.379009827	0.261679575	-0.674410539	1.759247102	5.180659909	-0.194365206	1.421597482	-1.587172514	-2.94927496	-1.74595235	2.748773096	0.994482182	-0.113684286	-0.727385794	0.329142939	1
synthetic_Z.aquila_14	Z.aquila	Sarcophagidae	-3.786195684	-9.245463708	-0.343836893	-1.62420955	2.505135428	1.569836601	-0.964501441	-0.43788658	-0.845308267	-0.640133754	1.312819895	-0.099173074	2.701290799	8.047094447	-2.745441726	2.173876379	-0.962807496	-3.541717372	-1.699966657	2.824088268	0.909811878	-0.503377147	-1.096955886	0.389739228	1
synthetic_Z.aquila_15	Z.aquila	Sarcophagidae	-3.646803757	-9.310145516	0.802160619	-1.117409173	2.348425504	1.301400155	-0.461187583	0.300191299	-0.864170929	-0.570411951	0.18152945	-0.316833294	2.532650304	6.878001234	-1.142225886	2.073535515	-1.350900151	-3.373406539	-1.88654198	2.793448841	0.953587012	0.210988777	-0.906690333	0.655360721	1
synthetic_Z.aquila_16	Z.aquila	Sarcophagidae	-3.777114241	-9.461882456	-0.590310458	-1.462197035	3.000129432	1.858941473	-0.733729263	-0.499899763	-0.577316483	-0.6044524	0.780403559	-0.707689859	1.507064169	5.066253643	0.033999515	1.257450347	-1.433108675	-3.000341807	-1.659599317	2.801143862	1.006472652	0.07853436	-0.361273087	0.343623418	1
synthetic_Z.aquila_17	Z.aquila	Sarcophagidae	-1.794429697	-9.356644224	-0.574133818	-0.372718309	3.164120604	2.219617157	0.038843116	-1.199383618	0.383442154	-0.455533926	0.341342048	-2.072411997	2.053175839	8.599974813	-3.542387497	3.1011127	-0.991490067	-3.441195613	-1.372735272	1.410270827	1.297884384	0.392726691	-0.559230207	0.153158359	1
synthetic_Z.aquila_18	Z.aquila	Sarcophagidae	-4.600629289	-9.138272345	1.218724567	-1.826644145	1.715270659	2.675011098	0.283003758	-0.8096392	0.211520955	-1.551177664	0.09436417	-0.63171903	3.099919009	6.379738059	-3.260488117	2.556368986	-2.488273961	-2.078926965	-2.037689213	2.409002244	0.203278475	-0.264446768	-0.118809196	1.116699094	1
synthetic_Z.aquila_19	Z.aquila	Sarcophagidae	-4.404938306	-8.490879553	-0.623055321	-0.559673529	1.810445707	2.302756351	0.011011361	-0.758316527	-0.610699531	-0.731716162	0.517044998	-0.257607845	2.630806852	6.64958309	-3.093563451	2.760620189	-1.956823453	-3.237151992	-1.682310659	2.927298358	0.542008311	-0.984090424	-0.960386821	0.573345375	1
synthetic_Z.aquila_20	Z.aquila	Sarcophagidae	-4.728527652	-10.47064433	0.963460755	-1.575366955	1.834989942	2.518211027	1.174383413	-0.976399352	0.281868237	-1.373756336	0.235029723	-0.535812221	1.418536006	8.322884945	-3.365053422	3.22769168	-1.101433398	-3.145931117	-1.724837836	1.52117791	1.117395504	0.071955173	-0.277901815	0.934428999	1
synthetic_Z.aquila_21	Z.aquila	Sarcophagidae	-4.916011099	-9.48219588	0.162263311	-1.411656411	1.996502329	3.001064472	1.36236517	-0.530764531	-0.811804037	-0.626734065	1.229627443	0.376461039	1.629498773	5.076050946	-2.507317447	1.841228454	-0.583622411	-2.068512041	-1.397511818	1.39959475	0.054908812	-0.227677544	0.930225813	1.287093092	1
synthetic_Z.aquila_22	Z.aquila	Sarcophagidae	-4.354099864	-8.864849173	0.359800628	-0.28048881	1.264468984	1.918909389	1.060902091	0.550725021	-0.015281305	-0.351562594	0.692654145	-0.711143721	2.326940724	6.857251986	-2.553985594	1.693133188	-1.489279526	-3.142263455	-1.230788772	1.546850275	0.879160504	0.583708288	-1.121751862	-0.050942478	1
synthetic_Z.aquila_23	Z.aquila	Sarcophagidae	-3.797481811	-9.142645395	-0.127165158	-1.554765192	2.48355186	1.558514367	-0.785288574	-0.439171418	-0.896758293	-0.478459756	1.256781122	0.000953054	1.482614538	6.099045118	-1.679188307	1.196186674	-0.972436911	-3.123560831	-1.377663224	2.840732365	0.964407929	-0.833825649	-0.472496318	-0.055183711	1
synthetic_Z.aquila_24	Z.aquila	Sarcophagidae	-3.136887576	-9.315865301	0.300897351	-1.387303312	3.201836974	2.740360984	0.632941945	-0.57969902	-0.008155239	-1.293265614	0.248954372	-0.733357973	3.497217477	7.965955707	-3.870879369	2.669522096	-1.352246341	-3.405024259	-1.286513133	1.778662691	1.432376525	0.733138688	-0.542385674	-0.594962515	1
synthetic_Z.aquila_25	Z.aquila	Sarcophagidae	-4.791730384	-8.355544383	0.984011742	-0.052674171	0.662025662	1.73625707	0.192244909	0.376895038	0.670402365	-1.769460118	0.826249975	-0.993328083	3.215397797	6.423311933	-3.319552711	2.523240293	-2.529422707	-1.898978129	-2.062569384	2.245487834	0.191925937	-0.060766384	0.023092155	1.120856727	1
Z.aquila.1.png	Z.aquila	Sarcophagidae	-2.897216351	-9.293458395	0.31957317	-1.384022631	3.364211327	2.705240812	0.534679089	-0.586291136	0.100106773	-1.383056137	0.116844873	-0.882865121	3.475103199	3.300152645	-3.885635441	4.207874503	-0.813195718	-3.698905575	-1.338054485	1.897961915	0.508072034	-0.512408153	0.822995225	0.887858919	1
Z.aquila.10.png	Z.aquila	Sarcophagidae	-4.328743961	-8.5437094	-0.899025995	0.213587341	1.284200977	1.880017279	1.118580175	1.071828464	-0.300834976	-0.041475024	0.867441973	-0.85513096	3.030006005	6.403755532	-2.535530599	1.392383458	-1.835778425	-3.315684433	-1.041852415	1.547826357	0.681123528	0.723820035	-1.588711389	0.303154195	1
Z.aquila.11.png	Z.aquila	Sarcophagidae	-5.374017457	-9.525014977	0.126574237	-1.41792572	1.686208567	3.068178336	1.550143292	-0.518167144	-1.018690324	-0.45514638	1.482085743	0.662165858	4.369632651	5.139627353	-5.159068295	2.27103659	-1.287561974	-3.898327716	-3.190712122	4.093672137	3.735738076	0.84614936	1.655998402	0.188206324	1
Z.aquila.13.png	Z.aquila	Sarcophagidae	-4.409983512	-9.572631574	3.134216651	-1.369417789	1.220980266	2.004626428	0.933781326	-0.597771297	0.6140704	-1.034986274	0.307427027	-0.393800178	1.210784309	5.478951098	-2.19461681	1.30430466	-0.531538843	-1.698622727	-1.411000973	1.286529601	-0.047900866	-0.163080373	0.954553344	1.377667822	1
Z.aquila.14.png	Z.aquila	Sarcophagidae	-5.158473944	-8.487147953	-0.593811392	-0.743658838	1.166223453	2.3794866	0.368227714	-0.832929543	-0.426494778	-0.741713104	0.817990245	0.379948119	2.772893333	5.956567079	-1.483829138	2.378233606	-1.682247581	-1.889250989	-2.66784214	2.114345968	0.622295248	0.455236878	0.297914342	1.714148022	1
Z.aquila.15.png	Z.aquila	Sarcophagidae	-3.992465594	-8.511647404	-0.086022859	-0.632958611	0.741338395	2.202858782	-1.184079809	-1.208003829	-0.279449636	-1.356845229	0.57385661	-0.631917936	0.777405985	7.856744535	-2.594659848	2.35597655	-0.725606373	-2.760048835	-1.647198822	1.544699019	1.315628045	0.274906211	-0.092587106	-0.831360896	1
Z.aquila.16.png	Z.aquila	Sarcophagidae	-2.305260069	-8.501277415	-0.704541633	-0.047010386	3.605529282	2.088952484	-0.984348866	-0.550412191	-1.123974142	-0.703860329	-0.321519434	-2.034116235	3.403752714	8.26874974	-3.732871371	2.712213184	-1.359176194	-3.352175006	-1.08250991	1.530647967	1.185609679	0.721031476	-0.77790593	-0.678866019	1
Z.aquila.17.png	Z.aquila	Sarcophagidae	-4.708983082	-11.103223	0.958242094	-2.035404104	2.188167482	2.754561853	1.467074896	-1.383764354	0.164460145	-1.255135215	0.056244786	-0.39824337	2.353410896	6.068494163	-2.864127678	2.777992566	-2.171307986	-3.195872362	-1.897568041	3.42853032	0.311031699	-1.596027099	-1.025875834	1.022740856	1
Z.aquila.18.png	Z.aquila	Sarcophagidae	-1.350947503	-10.09923897	-0.460919046	-0.655484707	2.780907507	2.333054922	0.927136864	-1.762794269	1.692119796	-0.239947023	0.91681148	-2.105658823	0.880659815	8.887530977	-3.37701713	3.438739474	-0.672279896	-3.51847969	-1.62469715	1.305764279	1.395356726	0.107705803	-0.369384819	0.875488152	1
Z.aquila.19.png	Z.aquila	Sarcophagidae	-4.794035188	-8.350430281	0.980952141	-0.03346034	0.651244702	1.72603391	0.193369304	0.388966016	0.675384964	-1.771338774	0.834263238	-0.996901769	3.221335754	6.430360712	-3.324954656	2.520322741	-2.539827288	-1.897259984	-2.060479397	2.243179824	0.185752817	-0.047870219	0.028721792	1.131981049	1
Z.aquila.2.png	Z.aquila	Sarcophagidae	-4.583005951	-8.818680489	1.261091064	-1.79269012	1.638355764	2.662072465	0.090419027	-0.716259896	0.219175219	-1.599327858	0.100564145	-0.669692971	2.677652848	5.784970302	-2.830349392	2.787455479	-1.587177676	-2.054574403	-2.251839829	2.454502567	0.750967355	-1.228650742	-0.486731103	0.113431528	1
Z.aquila.4.png	Z.aquila	Sarcophagidae	-3.038209487	-8.858751751	1.127875796	0.21255275	3.372336937	0.041892881	-0.639495861	-0.180655909	1.351855734	-3.263778749	1.123452362	-0.239647372	2.372941604	8.492634469	-4.237345509	2.502072765	-0.024011495	-1.694081295	-3.733091299	1.732094581	-0.734577856	-1.92809591	-0.871886787	1.04771423	1
Z.aquila.5.png	Z.aquila	Sarcophagidae	-3.794824767	-9.439076267	-0.669189888	-1.488596808	3.039965581	1.901756955	-0.725457957	-0.583942488	-0.573882052	-0.565323571	0.856716716	-0.691833625	2.679917617	6.055187403	-1.787541595	2.001019547	-1.954554774	-2.814599553	-1.94148586	2.572681344	0.931789051	-1.222884691	-2.128202583	0.101126313	1
Z.aquila.6.png	Z.aquila	Sarcophagidae	-3.750559476	-9.570114903	-1.0279829	-1.843481712	2.573286044	1.605586813	-1.530370204	-0.433829676	-0.682853623	-1.150623134	1.489763614	-0.415323634	3.41777184	8.551963748	-2.335934904	2.773561538	-1.232503594	-3.708925647	-2.054042107	2.790849102	0.903501157	0.232054713	-1.390147618	0.884263055	1
Z.aquila.7.png	Z.aquila	Sarcophagidae	-3.84807156	-8.681765191	0.844059825	-1.243482805	2.38680412	1.507762774	0.018028078	-0.444930666	-1.127381592	0.246239409	1.005588892	0.449765617	1.509961442	4.94386818	0.23701173	1.264710073	-1.487698134	-2.985740392	-1.693008654	2.796452637	1.011457309	0.186648732	-0.348093169	0.390881937	1
Z.aquila.8.png	Z.aquila	Sarcophagidae	-3.472609559	-9.853999057	0.765897499	-1.008294377	2.3152094	1.12279647	-0.875941392	0.94508294	-0.636366134	-1.277211187	-0.531681367	-0.980312901	1.4572501	7.170479543	-3.456476806	1.132630759	-0.49452864	-3.25139022	-1.085178204	2.881802113	0.920769312	-1.780322542	-0.58788108	-0.468912618	1
A.gressitti.11.png	A.gressitti	Sarcophagidae	-9.029508474	-6.012930781	1.793159729	-3.741769271	-2.85840689	-2.472945344	0.105012845	-0.599085973	-0.819515791	0.525383693	-1.347163754	1.075056259	-0.391076665	6.245506536	-0.577492333	0.484691365	0.980162042	-0.857220005	4.367564121	2.018185013	-1.046587051	-2.028773094	-1.040198131	0.914122358	0
A.gressitti.4.png	A.gressitti	Sarcophagidae	-9.658398018	-6.169110779	1.582821052	-3.723384464	-4.746083698	-3.153353551	-1.40664287	-0.967751559	-0.670376134	-0.974345251	-0.237498058	0.20304701	0.044984992	9.071589426	-0.736173068	-0.92927142	2.072274442	0.404048377	4.075257403	2.27455733	-0.53191502	-1.995635974	-0.251103199	-2.216229505	0
B.karnyi.14.png	B.karnyi	Sarcophagidae	-3.484940366	-7.102095993	0.119966538	-0.019467854	1.943266398	1.841481955	-0.04377129	-0.253213245	-1.720346841	0.98386786	0.353541559	1.068459626	0.371101045	10.67036268	0.675137295	-3.290369918	0.079985598	0.543234701	-2.329216309	-1.914887506	-0.05928925	0.728457503	0.882919148	-1.259192847	0
B.karnyi.18.png	B.karnyi	Sarcophagidae	-2.586005112	-7.802058964	0.683443789	-0.722928686	1.382472263	3.049169747	-0.651474648	1.106568857	-1.798673728	0.826586639	1.335106053	0.058537494	1.45379717	7.357256569	-2.05594854	1.715135903	-1.850582115	-1.619640981	-2.262868566	0.643523909	-0.224646474	-1.088744191	-0.473331386	-0.55825131	0
B.karnyi.19.png	B.karnyi	Sarcophagidae	-4.869097955	-7.442809186	0.188395577	-1.946058985	3.503609723	2.002186417	0.060370728	-0.269874437	-1.657396446	0.101114064	-1.119099009	1.188912214	0.094529251	11.16696134	-0.542418106	-0.824796727	0.070291882	-1.686440735	-1.546237017	-1.167689025	-0.641400759	-0.366413436	1.984094885	-1.17669419	0
B.karnyi.6.png	B.karnyi	Sarcophagidae	-6.75731881	-6.53833367	1.195724376	-1.379995442	-0.646771408	0.82076997	-0.076031348	1.076791353	0.433795125	-0.520386965	-1.963733798	0.750823238	0.960705306	7.186123115	0.289373964	0.088271684	-0.997850378	-2.244225675	-3.463696351	-1.444498874	0.712205719	1.79166582	-1.00200994	0.868354251	0
C.vicina.2.png	C.vicina	Calliphoridae	-3.219917121	-5.567326549	-0.152426937	1.280902576	1.978195602	2.756638908	-1.806080754	-0.986884466	2.623940086	-1.855108907	-2.429889612	0.428335697	0.221382731	-0.36908797	-5.605005131	1.88897813	-1.140143796	-0.357799717	0.80980249	-0.332914219	0.30489737	0.720711075	0.390360184	-0.95866463	0
C.vicina.25.png	C.vicina	Calliphoridae	1.833260858	-0.015083993	-1.368860247	1.969818342	0.862573667	-0.663760513	-0.058179934	-0.76150396	0.065443692	0.449116917	1.366458487	-0.867166134	2.039791149	-0.499582095	-5.464100898	2.681604235	0.563970729	1.436890993	0.425044733	0.384726214	-0.267032961	-1.09210774	-0.268021269	0.275065063	0
C.vicina.27.png	C.vicina	Calliphoridae	1.993997365	-0.443830183	-0.799334231	3.370650694	-1.228560084	-1.329280087	-0.343933186	-0.769860107	1.042106639	1.320254775	-0.398202552	0.194678129	-0.860499107	0.209742991	-3.567890828	0.908063416	1.291608311	0.467868459	-0.414165973	-0.482751982	-0.482712073	0.000699879	-1.438570353	0.591944826	0
C.vicina.3.png	C.vicina	Calliphoridae	0.522841622	-4.785382727	-3.927652184	5.411406717	1.420655498	-0.640411297	1.446977414	-0.932102608	0.980774277	-1.061936042	-0.274672329	2.740231912	1.361013688	-2.393752693	-3.802759908	2.924468756	1.17544954	0.477203272	-0.572356541	-1.160344394	0.24040323	-0.171603713	2.073558075	2.181175426	0
C.vicina.30.png	C.vicina	Calliphoridae	0.887446737	-1.822554129	-3.083227164	1.420438437	1.70737988	-1.838436393	0.327084718	-0.230456835	3.216917327	-1.50735352	-0.947756849	0.115385677	0.256208031	-0.808947121	-4.587482844	2.131029835	0.468105038	-0.453028032	0.832448156	0.921507308	-0.433641567	-0.383404925	-0.042589574	-0.544439008	0
C.vicina.33.png	C.vicina	Calliphoridae	0.290223724	-0.840407188	-2.395452131	1.476493576	0.684914306	0.007021823	0.676691715	-0.21713038	0.69455674	-0.530655596	-0.052533959	-1.41574143	0.360817144	-0.692257975	-4.792769147	2.404827301	0.941155415	-0.711605451	-0.090444779	-0.00855584	-0.000199588	-0.977320663	0.054140274	0.481249912	0
C.vicina.35.png	C.vicina	Calliphoridae	1.253519353	-1.731091359	-3.106326159	3.210244004	0.600435789	2.817654878	0.410923319	0.268471288	2.296383151	-0.17698504	-0.049923294	-0.287175442	0.824241235	-1.277776112	-3.486970064	1.80237648	-0.470575963	1.028837694	0.354071748	0.755073946	-0.556309109	-0.406972798	0.103515041	-0.405968829	0
C.vicina.37.png	C.vicina	Calliphoridae	3.941310121	-2.013594449	-1.79929884	2.079173734	2.026244954	-1.951713531	0.307482183	-1.447502588	0.407046695	0.84396717	1.65492333	-0.148423319	-0.751100741	-0.588018235	-4.547313152	1.993472735	1.209815063	-0.744694758	1.283479646	1.4248656	-1.047897056	-0.465003062	0.365682341	0.46686511	0
C.vicina.41.png	C.vicina	Calliphoridae	0.919058855	-2.120470837	-3.551853716	4.476249181	0.42927968	-0.523018788	2.126580647	0.043430713	2.002888312	-0.336448391	-1.720374433	1.619670359	0.761247314	0.31506805	-4.618238469	2.539158923	1.447198367	1.39346965	0.509854398	0.642397009	0.211967626	-1.14997889	0.845850812	0.02391158	0
C.vicina.51.png	C.vicina	Calliphoridae	0.977491144	-2.9107093	-2.067108074	2.296396605	-0.192199826	-0.313452739	-0.028385136	-1.171522773	0.102138203	-0.264172289	0.591743323	0.734536503	0.837683384	-0.519433109	-3.668834757	2.857076536	0.914772106	1.302493277	0.437583764	-0.822886586	0.407373075	0.895200828	0.978804425	0.88493311	0
C.vicina.55.png	C.vicina	Calliphoridae	1.776446827	-2.912932106	-2.313440579	4.7133636	0.147965968	-1.47453631	1.464368793	-0.491771706	0.644155986	-4.433075965	-1.674909962	-0.599586791	0.143902365	-1.360127761	-3.962466038	1.312172753	-0.655598335	2.970128404	-0.527188722	0.85050949	0.375521491	-0.16157571	-0.4078596	0.217497026	0
C.vicina.62.png	C.vicina	Calliphoridae	2.787648989	-1.525177623	-2.811657258	1.868142925	0.125473193	-0.811418995	-0.302401695	0.710852713	1.043439311	-0.137460041	-0.737155194	-0.96478741	-0.317059315	-1.149219869	-4.202526945	2.750085802	-0.146342603	1.194407744	0.039724128	-0.557100993	0.233473939	0.692593111	0.821541752	-0.35033719	0
C.vicina.64.png	C.vicina	Calliphoridae	2.600967838	0.247575474	-1.811771769	1.550095071	1.036582221	0.044129476	-0.513254188	-1.014684535	0.755215445	-0.480086907	-0.514224305	-0.743485518	-0.110084482	-0.386296432	-2.789625154	2.417884957	0.193836726	1.931298922	-0.28523568	0.118481851	0.000915283	0.193891248	0.290740344	0.90560627	0
C.vicina.71.png	C.vicina	Calliphoridae	2.554782682	-0.947824671	-2.026981364	1.601477248	0.311124336	-0.696466871	-0.685851355	-0.408224846	0.678221725	-0.241361656	0.046042641	0.048431503	0.840518282	-0.496291922	-3.827140055	4.614727248	-1.449047428	0.245068816	-0.589103332	-0.583823262	-1.214074059	0.572523401	-0.305689126	1.545943674	0
C.vicina.72.png	C.vicina	Calliphoridae	1.525583728	-1.832623308	-2.903517246	2.850849003	0.494273428	-0.474619576	0.700365858	0.504888489	-0.46785554	-0.906051911	-0.48907697	0.958614924	0.858726515	-1.391271619	-5.060139414	3.640559478	0.52779402	1.602788434	-0.399029395	-0.376630924	0.534838132	-0.010239967	-0.499387732	0.302022759	0
C.vicina.73.png	C.vicina	Calliphoridae	1.461483798	-1.154087476	-1.913135047	2.354163707	3.339772872	-0.611689175	0.762332746	1.223613936	1.077685411	-0.527337858	0.310594525	0.514707299	-0.135430001	-1.941962132	-4.658145626	0.710978742	2.036934892	-1.179703498	-0.632868288	-1.694266474	1.858349915	-0.530036374	-2.083460268	-1.868537961	0
C.vicina.83.png	C.vicina	Calliphoridae	2.552492387	-1.472933336	-1.972699308	2.740977382	0.776221369	-1.204035456	0.584431327	0.257022085	-0.608738491	-0.512370415	0.559262252	-1.28892867	1.965330739	-1.466598325	-4.680689856	1.624390192	0.957568063	0.838302998	0.543076414	-0.156273127	-0.2333457	-0.589631319	0.198160605	-0.744218407	0
C.vicina.90.png	C.vicina	Calliphoridae	2.85314282	-3.150027862	-3.029345739	1.329050279	0.193737869	-2.191696336	-0.020995601	-1.059073861	-1.460754935	-0.044045848	-0.727356314	0.486493767	0.871668505	0.503522995	-4.068517945	4.07456865	-0.154912005	-0.329616707	-0.576191886	1.321635682	0.930331446	0.661559423	-1.32149711	-0.325875505	0
C.vicina.93.png	C.vicina	Calliphoridae	1.652111224	-1.817770703	-1.945118672	3.878901943	0.031294068	0.784465321	1.409186002	0.002015593	-1.470123596	-2.672198386	-0.153576422	2.334352588	0.851575553	-1.966002765	-4.936053322	1.487418773	-0.441460138	1.012230011	1.116195126	-1.966237381	0.456291056	-1.746530532	-0.004696389	1.282092578	0
C.vicina.97.png	C.vicina	Calliphoridae	1.430676293	-1.724886041	-3.955057817	0.709784343	2.369511632	0.831385788	0.508964706	0.410298683	1.387145861	-1.280071858	-1.36539206	0.74799308	0.526208315	-0.815311184	-3.719859702	0.607735436	0.36840464	1.057026612	0.914422579	-0.520983385	-0.233696501	0.560584513	1.047509616	-1.166353659	0
Ch.albiceps.10.png	Ch.albiceps	Calliphoridae	3.872438143	2.294416956	-0.82864706	-3.784090241	-0.786449967	0.114801193	0.388763346	-0.618783263	-0.283300124	-0.806921313	-0.175235532	-0.536208177	-7.61936911	-1.456680553	4.946999772	1.593223734	-0.249045643	1.477197426	-1.855281899	-0.550527491	0.338163491	-0.618625566	-0.796126922	0.199425024	0
Ch.albiceps.16.png	Ch.albiceps	Calliphoridae	5.099073955	-0.732079297	-7.95668816	-9.498931593	-4.295901155	-1.272090782	-2.010703885	2.139563449	5.781237058	1.883074373	-0.06581893	-2.472752012	-7.650441521	0.906145889	2.340146205	1.21482427	-0.20092639	1.391013579	0.843247721	0.246995608	0.95060295	0.032077526	-1.834692101	0.466330073	0
Ch.albiceps.22.png	Ch.albiceps	Calliphoridae	3.605662292	-0.740914955	-2.615761646	-3.19714387	0.735698237	1.808698967	1.067645136	0.323327287	1.794584327	-0.11493154	1.447873892	0.465833151	-6.641622022	2.094847936	3.94568936	3.332138438	-0.976005284	-0.563029283	-0.946530925	0.304472018	-0.114168658	-0.511332364	-1.175614985	-0.176927016	0
Ch.albiceps.25.png	Ch.albiceps	Calliphoridae	3.209378871	1.299387771	-1.300886922	-3.019419144	-1.480284139	-0.074917703	0.689213455	-1.662929471	-1.002294108	0.700316458	-0.930799053	0.888006212	-8.630496053	-0.889157349	2.951017908	2.329257267	-0.23341296	1.463565857	-1.606899955	-0.318555231	-0.113499515	-0.295258795	1.495815626	0.352888138	0
Ch.albiceps.26.png	Ch.albiceps	Calliphoridae	3.76326652	2.269670344	-3.646078166	-3.484532759	-0.516346945	-1.10586371	-0.097776678	1.46510904	-1.042842276	-1.413606556	-1.003573462	-1.056194092	-8.53181805	0.669971636	3.690543091	3.138566615	-1.01270986	0.239884457	-0.636628826	2.04224647	0.242129334	-1.529278063	0.344264822	-1.240281265	0
Ch.albiceps.28.png	Ch.albiceps	Calliphoridae	3.326522364	0.817678692	-2.747388074	-3.7742375	-0.195823305	-0.663993531	1.045768593	0.611122338	-1.002657852	-0.966135129	-0.86148395	-1.188604174	-8.712794902	-0.531852553	3.118609135	3.590044716	-0.980106876	0.83169915	0.0419815	-1.961353502	0.759847416	1.097945418	-0.935707956	1.06836288	0
Ch.albiceps.32.png	Ch.albiceps	Calliphoridae	4.219043659	1.561956476	-0.812680826	-3.696030485	-1.176506083	0.87317941	1.008426051	-1.100024089	-1.403948467	-1.156633599	1.018205786	-0.745594307	-7.715989784	0.645487027	2.956583975	2.09180266	-1.355368822	1.831934475	0.385611759	-0.220510284	-0.693922331	-1.418517355	0.668492067	-1.384743003	0
Ch.albiceps.43.png	Ch.albiceps	Calliphoridae	1.957860362	1.294580025	-2.470312968	-2.32132566	-1.428692961	-0.103476811	-0.175722571	-1.073190458	-0.191791853	-0.337549191	0.294316242	0.416186543	-7.514004913	-0.326507691	2.862464142	0.86882262	-0.901100752	0.57519356	-0.220471184	-0.306011491	-0.070829511	-0.380121555	-0.401473753	1.275026566	0
Ch.albiceps.47.png	Ch.albiceps	Calliphoridae	3.897301279	0.610623769	-4.150751799	-2.735918199	-1.01887002	-0.633847481	-0.99658273	0.501329625	0.443406008	2.121356267	1.117515867	0.038236743	-5.40735796	1.133019994	5.164616019	3.750628631	-1.085195037	1.70342353	-0.787892309	-1.959958811	2.989078996	0.413176519	-0.426445315	-0.431911864	0
Ch.albiceps.49.png	Ch.albiceps	Calliphoridae	3.498079827	-0.763776242	-0.959059306	-3.674630557	-0.378606429	2.450072488	1.264384905	-0.20051084	0.150733864	-0.669995151	0.796247849	0.09748872	-7.622095403	0.000321071	3.836699296	2.881921685	-2.772596031	0.070176451	1.306879159	-0.739806912	-0.033485967	0.283516286	-0.45662231	-1.061410049	0
Ch.albiceps.52.png	Ch.albiceps	Calliphoridae	2.963088295	1.681866934	-2.8618187	-1.985104306	-1.384608723	0.112992773	-0.140687593	-1.919769224	-0.961622429	-0.160185959	0.33625969	0.781275835	-9.080497962	-1.402478616	3.193742045	3.334247291	-0.800857398	0.358765205	-0.829212174	2.417661695	0.069019156	-1.619053733	-0.421544896	-0.484254481	0
Ch.albiceps.53.png	Ch.albiceps	Calliphoridae	2.774660082	1.363473315	-2.127804197	-3.628287291	0.155283095	-0.620534533	0.243849242	-1.007734311	-0.8714204	-1.18135891	1.326826787	0.11777764	-7.879896019	0.487732477	2.774400679	1.863944211	-0.177961054	-1.369444662	-2.062250542	0.164807565	-0.227722371	0.002469671	1.199819561	-0.167582294	0
Ch.albiceps.60.png	Ch.albiceps	Calliphoridae	2.948103833	0.93931758	-2.377057853	-0.508157212	0.433116574	0.789041312	-0.280126048	-0.458770682	1.048396623	0.851825416	-1.169151253	2.384465517	-9.557440901	-3.816331131	4.948833103	1.074165599	0.790765524	2.050545514	-3.058407668	3.12993752	0.129915485	-2.66787714	-2.198489607	1.343845232	0
Ch.albiceps.61.png	Ch.albiceps	Calliphoridae	3.486556336	1.003980523	-2.918031286	-2.405831887	-1.588310016	0.416671501	0.320025642	-1.480493505	0.507220215	0.037882878	0.01366071	0.143150202	-8.391191154	-1.218049157	3.48561224	2.754926774	-0.139129723	-0.717508012	0.343966698	-2.232617096	0.459741831	1.423559741	1.0672197	0.135138359	0
Ch.albiceps.67.png	Ch.albiceps	Calliphoridae	3.436659622	0.968405077	-1.268593358	-4.974358108	-0.699225704	2.935491115	1.015224176	-0.42745224	-2.563469511	-2.032056636	-0.44679714	-1.079226354	-7.552515754	0.776993023	5.13964602	4.912535174	-0.231524602	-1.631577102	-0.042038369	-2.089853273	0.458772084	0.503229821	-0.139386121	0.59062206	0
Ch.albiceps.68.png	Ch.albiceps	Calliphoridae	3.206043589	1.413127209	-2.405541423	-2.785623561	-1.385016142	-0.103581967	-0.632588827	0.199377683	-0.53839139	1.005038197	-0.04282477	0.796962345	-6.349083189	1.656967749	4.462893548	3.469069908	-1.146142991	-0.589244001	-0.6246135	0.577829412	-0.556344546	0.437349238	0.009459758	0.135767498	0
Ch.albiceps.7.png	Ch.albiceps	Calliphoridae	2.753316928	2.658156441	-3.976747364	-3.499284427	-0.277535727	2.209193709	1.482948008	0.071275064	-0.360969651	1.766292684	-0.790733342	2.062766399	-7.214921507	0.565840283	3.978642024	0.876915582	0.520572408	0.39871772	-2.180947178	-0.742362541	-0.008456931	1.243437842	-2.271758881	2.738944598	0
Ch.albiceps.70.png	Ch.albiceps	Calliphoridae	2.147098593	2.763890276	-1.169295371	-3.393935659	-0.899239667	2.066533962	1.172967124	-1.11313079	-0.595478565	-1.401559995	0.45925428	0.245759453	-7.725344844	0.302797991	4.803851358	2.462808702	1.160174861	-0.380466847	-1.848615454	-1.090853705	-0.164375713	0.474511505	1.202913823	0.890046157	0
Ch.albiceps.73.png	Ch.albiceps	Calliphoridae	4.022953777	0.985735677	-3.792065802	-3.81206733	-1.236396489	1.523671417	0.219180527	0.795284659	0.452236254	1.113966721	-0.897928145	0.787677087	-6.631563398	-0.578195725	3.767275334	2.838224998	-1.173058138	0.258711101	0.118049435	1.467814909	0.500809108	-0.339934071	-1.15521075	-0.151092655	0
Ch.albiceps.76.png	Ch.albiceps	Calliphoridae	2.727683106	0.366134594	-0.248998912	-0.609647195	2.711372986	2.180125409	0.410008544	-0.63337499	4.60331849	-1.780949735	2.475943017	0.012168257	-6.063224584	-2.720339292	2.708306511	-1.932542389	7.478248068	3.45177868	-5.256215152	1.463480119	-0.740603507	1.622142383	6.235947678	-6.99292261	0
Ch.bezziana.30.png	Ch.bezziana	Calliphoridae	1.868648527	0.416714732	-0.8919356	-0.991344627	0.986562889	-2.027958525	-0.556853617	-0.533810676	-1.343286875	-0.751364282	1.971992082	-2.271828969	-4.415830035	-2.146466113	1.70891039	0.381515472	1.424458265	-0.896071585	-2.30154772	-0.51740773	0.069938217	0.813912909	0.072068344	0.166460728	0
Ch.bezziana.31.png	Ch.bezziana	Calliphoridae	5.736050977	1.259798005	2.421194464	-0.185352552	1.724353367	-0.67059023	-1.139091054	-0.935564143	0.251746059	-0.131269569	-1.52998279	-0.313627618	-3.821012129	-3.578679691	0.435416947	-2.22291491	-0.840777695	-1.73073551	0.591792716	-0.525453502	-0.001987359	-1.290384055	-0.438707782	-2.227069397	0
Ch.bezziana.33.png	Ch.bezziana	Calliphoridae	4.158492976	2.120731511	3.298811036	-1.553845873	1.631070426	0.005910297	-0.345515303	-1.773429776	0.169675374	0.099017671	-0.797296497	0.303094357	-5.786291724	-4.516444386	0.312104542	-1.590968794	1.440219272	-0.795351103	0.984956793	-0.282397941	-1.265454716	-0.17490673	1.309089203	-0.530383854	0
Ch.bezziana.34.png	Ch.bezziana	Calliphoridae	3.595825875	1.531902364	1.56113185	-1.539280232	1.320533761	-1.417509701	0.357728189	-0.52080813	0.09521636	-0.366138036	-1.231257793	-0.036056793	-6.610324184	-3.264091052	1.201419575	-3.147808765	1.152482601	-1.574423429	0.580702919	-1.919482808	0.419962157	-1.267745619	1.276133481	0.560165582	0
Ch.bezziana.35.png	Ch.bezziana	Calliphoridae	3.922580365	1.14169792	1.292096194	-0.299617419	0.858929016	-0.667952127	-2.393036831	-0.958551571	0.725179619	0.237393444	0.583619291	0.009771843	-3.35902663	0.276327531	-1.318806714	-1.063127445	2.763143193	-2.621016114	-1.12195823	2.999368404	-1.436936581	-10.82442071	-3.639174829	-3.712086095	0
Ch.bezziana.37.png	Ch.bezziana	Calliphoridae	4.237818582	0.778758966	1.099508503	-0.41289758	1.260151385	-2.643041212	-2.956261668	-0.552288206	1.879918855	0.837929932	0.627791046	-1.112746902	-4.787996138	-1.979389154	0.272541241	-1.203094638	0.733147169	-3.59700152	1.309701457	-1.264699741	0.272549486	-0.902254405	2.395854921	2.486456713	0
Ch.bezziana.43.png	Ch.bezziana	Calliphoridae	4.833926493	0.206474471	2.033719235	1.061367656	2.082451654	-1.712430449	1.995335151	-2.770047227	-0.564138822	0.106090864	0.05030174	-0.674998268	-4.263563036	-3.171644673	-0.625749036	-0.211819162	3.054587576	-1.551009771	1.195602895	-1.419918284	0.027167319	-0.287025802	0.694305229	-1.16664556	0
Ch.bezziana.46.png	Ch.bezziana	Calliphoridae	4.12513807	2.821443311	1.269103549	-0.775711881	0.976831931	-2.555870498	0.050811643	-0.887370615	-0.483644312	0.043023243	-1.694629497	-0.466081505	-5.462502925	-2.528798055	0.982218877	-0.390256098	2.849480679	0.493953838	-1.482020762	2.622350015	-0.435674805	-2.434384858	-1.143306555	-0.429294064	0
Ch.bezziana.5.png	Ch.bezziana	Calliphoridae	4.005955223	2.408828594	2.01424811	1.522499038	0.671341512	-2.618366179	-2.442254054	0.450331741	0.287631317	0.476084709	2.304702867	-0.478569158	-9.427093728	-3.304889018	4.066543656	2.16129882	-1.832884619	-1.979527377	-5.041699004	-2.212410186	2.314349867	4.331856851	-0.030833331	-6.884920604	0
Ch.bezziana.51.png	Ch.bezziana	Calliphoridae	1.138919382	1.76879655	1.002032798	0.640446357	1.566449448	-1.930070108	-1.994659029	-0.245407139	0.927160439	0.619930121	0.354213295	-0.562152171	-4.617676151	-3.509982236	0.413233927	-1.624177376	1.03599618	1.381898621	0.692361971	-2.029359894	1.035240484	-0.356765449	0.218752823	0.326534073	0
Ch.bezziana.52.png	Ch.bezziana	Calliphoridae	4.234395828	1.615649731	2.546643921	-0.379136377	1.654148859	-1.752442014	-1.793906449	-1.468971602	0.29907431	-0.365215422	0.314361509	0.174295115	-3.873988103	-3.509564037	-0.707415544	-2.795236588	2.407227798	-2.037297445	1.561948804	-0.605888799	0.139802646	-0.708219548	0.700083544	0.295304042	0
Ch.bezziana.54.png	Ch.bezziana	Calliphoridae	3.011634717	0.44917388	0.32985784	-0.36882616	1.499873012	-0.582664415	-1.47426033	-0.283653328	0.934243142	-0.292102729	1.316883415	-1.038479368	-3.831672312	-2.882805222	0.303317829	-1.455953076	1.606736227	-1.814420453	2.142228416	-1.029300123	0.094713941	-0.909478457	0.573229498	-0.464085725	0
Ch.megacephala.15.png	Ch.megacephala	Calliphoridae	4.277079955	0.094312695	3.892691986	-0.543880181	0.591676714	1.040931208	2.041284067	0.187638667	-0.052624274	-1.378310102	4.59E-05	-0.46837519	-6.019101806	-1.16157122	-0.154463003	-0.086276811	1.308966074	-0.540915675	-0.658829475	0.650764319	-0.51189447	-1.040263713	1.646636029	0.756492049	0
Ch.megacephala.19.png	Ch.megacephala	Calliphoridae	5.233124462	1.660934992	3.100748853	-0.839507254	0.689044704	-0.09100002	-0.185876044	0.530802615	1.693921722	1.764375416	-1.108054944	0.07444864	-7.335055002	-2.57936487	0.543133324	0.535945209	1.15862755	-1.208058323	-0.763490119	-0.913778188	-0.14078831	-1.595093709	0.357307582	-1.247248741	0
Ch.megacephala.22.png	Ch.megacephala	Calliphoridae	5.998600549	-0.15531322	1.570140802	-1.175853577	1.390925762	0.504658309	1.229666134	-1.408118429	0.199449583	-0.029502494	0.383017124	0.825826138	-5.208989609	-2.233134741	-0.516113496	0.497210855	1.403806379	-0.380683833	0.474278498	0.16778117	-1.191391929	-0.513041566	2.548829917	1.974569895	0
Ch.megacephala.26.png	Ch.megacephala	Calliphoridae	4.815854276	1.749052812	1.763797714	-0.922034325	1.700892052	-0.04573799	0.218052783	-0.967465446	0.735923453	0.635864043	-1.777113609	0.31924665	-3.603035194	-2.1564956	0.968536746	-1.677570159	-0.227118099	0.046024477	-1.428500096	0.614140364	-0.015538562	-0.585331342	0.337072364	1.012685461	0
Ch.megacephala.28.png	Ch.megacephala	Calliphoridae	4.828682459	1.197009535	3.27142011	-1.445957262	1.381311342	1.357955408	1.592495614	-2.124984017	0.248678234	-0.281703491	0.37030011	1.202035188	-4.819513385	-2.871663813	0.280229394	-0.658305295	0.893553803	-1.13953636	-1.816535247	-0.466881859	-1.338036535	-0.658929072	0.940743507	1.448710669	0
Ch.megacephala.31.png	Ch.megacephala	Calliphoridae	7.41457118	2.393250336	4.184254593	-0.948043423	1.358047663	1.03952334	3.120467196	1.809544831	0.952890952	-1.247655442	-0.536704441	0.164814318	-3.642893935	-3.966801675	-2.286406245	-1.429802881	4.137368135	-0.199016703	0.590219284	0.377061449	-0.680334553	-0.200134398	0.128411371	0.424303869	0
Ch.megacephala.33.png	Ch.megacephala	Calliphoridae	6.252486819	1.378799266	4.043899395	-2.715798742	0.888527855	1.679114543	2.786126851	-2.358639232	-1.245941117	-1.608207231	-0.894015228	1.302056503	-3.730118583	-2.123972104	-0.42104538	-0.440210339	0.737709557	-0.138026682	-1.120005058	1.094405523	-0.5311668	-1.272551597	1.771109707	-0.27350084	0
Ch.megacephala.42.png	Ch.megacephala	Calliphoridae	4.156022324	0.794238048	3.071900307	-1.131924307	0.945566331	-0.696076047	3.09231943	-0.250073162	-1.57833558	-0.440485167	0.035271653	-0.946088986	-5.615264124	-3.819236948	-1.233345656	-1.304695236	-0.394181265	-1.158809361	-1.35918172	0.695137507	-1.277636646	-1.487709733	0.567570349	-1.107576302	0
Ch.megacephala.45.png	Ch.megacephala	Calliphoridae	4.233066714	1.021100201	3.499680733	0.661931999	1.179780048	0.948548986	1.323214506	-0.167947002	-0.412697863	-0.937136593	1.11458984	0.161551856	-4.851847734	-4.768862231	2.215490284	-1.943283891	2.35101087	-5.861365869	-1.026635255	-0.154373416	-1.572464067	0.674428253	-2.351463271	-0.592437401	0
Ch.megacephala.5.png	Ch.megacephala	Calliphoridae	5.23511854	0.493993685	1.871186377	-0.262385835	1.343078768	0.445522925	0.822928962	-0.818002728	0.662684494	0.916398221	-0.473621342	0.516267589	-4.829520858	-3.509975987	-1.165012295	-1.22815274	1.646573522	-0.72431356	-0.037915282	0.878079151	-1.012580482	1.175607926	-0.322558181	-0.03490402	0
Ch.megacephala.58.png	Ch.megacephala	Calliphoridae	5.436275122	3.558415878	2.895405336	-0.813161787	1.041175566	-0.116952766	1.029203166	-1.568773676	-0.398124701	-0.209465942	1.202910718	1.12524354	-5.550567096	-2.79566695	-0.798359628	-1.400615126	1.84631898	0.083903978	-0.869563175	-0.830215445	-0.671963198	1.450044636	-0.806370803	1.045057743	0
Ch.megacephala.60.png	Ch.megacephala	Calliphoridae	4.646966232	2.159818725	2.494089847	-1.644544402	0.947772703	1.660476437	1.605502997	-1.147647168	-0.565332491	-0.013729858	1.954134923	0.657529537	-5.607460328	-3.961468863	-1.504644079	-1.473483481	0.549932565	-0.571890909	-1.004209183	0.960478175	0.975906349	0.583696947	0.073560884	-0.623695746	0
Ch.megacephala.64.png	Ch.megacephala	Calliphoridae	4.101059414	1.35679268	2.361772504	1.034970983	0.667203982	0.218149561	0.53402366	-0.719586783	-0.599999336	1.256801791	-1.167116942	0.630708913	-3.489010967	-3.696654923	-2.120104476	-0.884878961	0.638361866	-1.832899051	-0.835523344	-1.273895958	2.428711341	0.721875351	-1.535803753	-0.179611623	0
Ch.megacephala.68.png	Ch.megacephala	Calliphoridae	3.951288879	0.41537057	2.694281485	-0.404528282	0.806428468	1.465044959	0.648921564	-1.794171584	1.324019366	0.21239882	-0.955648517	1.78009657	-6.709487718	-5.714875046	1.96896207	-1.69206364	-1.030565449	-0.427096477	-0.585832417	-1.026598055	-2.158784222	3.712882688	2.109951819	4.154186804	0
Ch.megacephala.71.png	Ch.megacephala	Calliphoridae	5.304074483	0.950426488	2.145620723	-0.602881954	1.526278312	0.646899782	0.975179421	0.201348668	0.831844029	1.020185042	-1.003080254	1.091256398	-4.684335737	-4.149172088	1.810088783	-1.58549818	2.00600129	-1.401341007	-0.870975054	-0.313890793	-0.599769741	-1.487360651	1.526995736	-1.673504515	0
Ch.megacephala.9.png	Ch.megacephala	Calliphoridae	4.644791107	2.081155565	3.29402411	-0.808794768	1.294619312	0.967809419	1.459888072	-0.00682271	-0.392071042	0.142215846	0.027129376	0.337544783	-4.279356838	-4.11185316	-0.452153776	-1.537501117	1.819544542	-1.032379671	0.951430935	1.55755764	-0.068127903	1.654911781	-0.206530291	0.835200583	0
Ch.nigripes.2.png	Ch.nigripes	Calliphoridae	-4.425625971	-2.363628751	-1.174803062	0.430390188	2.324345706	1.493864113	-0.28611284	2.034346292	2.132849991	-1.460998914	0.447413303	0.239425197	-9.426431208	-0.748165044	0.285728945	0.92533667	1.760176676	3.673905621	0.873946408	3.926684498	-1.38614087	-1.118627881	1.489092922	0.815198388	0
Ch.nigripes.5.png	Ch.nigripes	Calliphoridae	1.080104575	-1.525000949	1.475909829	1.628742085	2.351882558	1.554550256	-0.395251667	-0.038044071	2.732699237	0.643550485	1.220687115	-1.472134621	-7.752929114	-1.463461611	-0.356796476	-1.932603601	-0.272597626	2.850367359	1.178750294	2.200085775	-0.740117486	1.475734524	1.080143027	-0.653251544	0
Ch.rufifacies.11.png	Ch.rufifacies	Calliphoridae	5.144603283	1.694805487	2.46790396	-0.680611973	-0.087046373	0.800793539	-0.293399662	1.136935021	-0.450192687	-0.441659712	0.161519395	-0.241069698	-5.355259729	2.582854439	0.555077443	-2.643224638	2.146861456	3.28094709	-0.732822981	1.774986944	0.531186479	0.650006336	-0.396598212	0.452039061	0
Ch.rufifacies.14.png	Ch.rufifacies	Calliphoridae	6.34926306	1.588624287	3.090907475	-0.503590172	-0.12335329	0.039571929	-0.557208479	1.752569712	-0.59729645	0.13999239	-1.181585893	0.888800236	-6.407450305	3.478100932	1.104957121	-4.28697367	3.223639237	4.517719732	-1.277341436	-0.592486373	1.30415943	0.27621335	-1.207634111	-0.686505871	0
Ch.rufifacies.15.png	Ch.rufifacies	Calliphoridae	4.814144689	2.821099288	1.513895195	-1.101439766	0.422458294	-1.106475156	-2.119945992	0.089730527	-1.602104442	-1.47620731	-1.394300048	1.365791743	-8.367438058	-1.413938495	0.062771862	-3.059774115	-0.900276464	3.817641764	2.167774138	3.504464209	4.892932733	1.403017434	0.197090446	3.326384036	0
Ch.rufifacies.21.png	Ch.rufifacies	Calliphoridae	4.259094806	3.186975153	3.004271299	-1.108738043	0.754155504	0.950179879	-0.191059268	0.725054615	-1.584082337	-1.934891073	1.312337918	0.487526554	-6.692338502	1.517327236	1.129926276	-2.784567472	2.547299111	3.287330401	-1.031345964	1.208449381	0.295942159	0.774060058	-0.659603003	-0.415984365	0
Ch.rufifacies.22.png	Ch.rufifacies	Calliphoridae	5.255702883	3.378841345	2.60247246	0.097083697	-0.81385053	-0.119687706	-1.60463844	1.614397299	0.159980386	0.362832028	0.953224285	0.685461296	-7.833324278	2.53870572	2.592036105	-3.099594729	3.978497893	2.714244216	-1.408115415	0.163063275	0.485206979	-0.006581504	0.133376701	-0.622449779	0
Ch.rufifacies.26.png	Ch.rufifacies	Calliphoridae	5.492321457	2.458994005	3.519813271	-1.003899456	1.231790808	-1.510960945	-1.415410147	1.543240026	-1.025449818	-0.488787357	-0.462866116	-1.591334392	-6.619655445	2.908117177	1.394318905	-5.119771533	4.301226283	3.697425372	0.255806094	1.441279118	0.78092737	-0.620385571	-0.667322799	-2.201023835	0
Ch.rufifacies.6.png	Ch.rufifacies	Calliphoridae	5.612435355	2.232151307	1.408736973	-1.049375334	0.55716733	0.261126327	-1.110679386	0.980948476	0.321465678	-0.952601765	0.85072079	-0.13752996	-6.802380939	3.145193319	1.267778406	-3.635191866	3.315744739	3.936097827	-1.791676659	0.80236941	0.962908661	-1.304322655	-0.608203164	-0.609793936	0
Ch.rufifacies.9.png	Ch.rufifacies	Calliphoridae	4.534126915	2.607233836	2.588976724	-0.071026737	0.969795538	-0.947289044	-0.868475189	0.784194896	-0.416097852	-0.494349811	0.672055013	-0.08666774	-7.353386687	1.552925131	1.616867923	-2.735475412	2.913722118	0.82325736	-2.312406447	0.352858548	0.642530624	-0.093265	-3.205449226	0.20625696	0
L.sericata.10.png	L.sericata	Calliphoridae	2.11036075	0.928878114	0.377696551	1.518247656	-3.134940052	1.912259642	0.534832424	0.625451583	-0.576858165	1.096522295	-0.13972804	-0.149896255	1.488712995	0.116339616	-0.976023486	-2.167005771	-4.706276876	-0.711992493	-1.543422726	-2.438608728	-0.424047076	0.340449631	-0.173367602	-1.318456563	0
L.sericata.25.png	L.sericata	Calliphoridae	-0.337919182	0.134113067	-0.878324828	3.52060051	-1.584796145	1.76227745	-1.064075601	0.940313037	1.148415151	1.70402781	-0.121350864	1.583987068	1.655095612	-0.147893506	-0.049243223	-3.036025401	-3.544898075	0.302392453	-0.275726154	0.663128204	1.313003888	0.772277787	-0.712138708	-0.550439145	0
L.sericata.27.png	L.sericata	Calliphoridae	1.10108465	-0.581393266	1.378089877	1.355093422	-3.004470558	0.781218747	-1.30526182	0.859109813	-0.469557575	-0.099683512	1.276932434	-0.960691011	0.655102779	-0.092474998	-0.573533223	-2.515766882	-3.745315448	-0.557720964	0.3559834	0.898857151	0.821276013	-0.563517802	0.013970067	-0.967549894	0
L.sericata.29.png	L.sericata	Calliphoridae	0.786849014	-2.326922575	-0.229669829	2.741733896	-2.719456559	1.254392401	-1.138683332	-0.246307588	1.023510536	-0.670356398	0.392593221	-0.440891981	1.739106248	-0.980010222	-1.075483598	-1.282609264	-2.335249345	-0.923761146	0.661204136	0.406567386	0.64002193	0.589849705	-0.339797242	-0.326766979	0
L.sericata.35.png	L.sericata	Calliphoridae	2.369519602	-0.909129747	1.30653509	1.924297059	-2.203819145	1.441588398	-0.031100832	0.077406866	1.176042211	-0.926275526	-0.50225801	-0.937060496	1.969793729	-1.934542716	-0.208189214	-2.194697916	-2.783551069	0.093448177	-1.299883728	-0.551808086	0.237353691	0.216709823	1.043684109	-0.655803949	0
L.sericata.36.png	L.sericata	Calliphoridae	1.645191385	0.54368334	0.473138881	2.984499335	-3.74837151	1.149989446	-0.229887555	-0.629938915	-0.133432487	-0.254686028	-0.450154382	0.500352636	2.278894132	-0.368500531	-0.282590284	-1.934113481	-2.800019992	-0.922546326	0.370810147	0.872228701	0.120366592	0.296326615	0.593550738	-0.540423607	0
L.sericata.40.png	L.sericata	Calliphoridae	1.917505644	0.946001397	-0.032511058	1.817029954	-1.547136982	0.460040444	1.04471611	-0.971238176	0.186950613	0.298233722	-0.075242211	0.707665361	1.671222034	-0.709265906	-0.314041005	-2.381378143	-2.353754212	0.82105471	0.889824481	-0.725257422	-0.209936138	-0.240935437	1.780188807	-0.104316029	0
L.sericata.48.png	L.sericata	Calliphoridae	1.904419519	0.155169248	2.199307622	1.718572607	-1.876918382	0.615707508	0.123004289	-1.489375956	0.276771766	-0.521930626	1.332503376	0.071535482	1.185599256	-1.610261523	-0.78042558	-1.995671468	-1.456898197	-0.262778947	0.581406	-1.116121708	0.698768327	-0.115097885	0.399175733	1.115622076	0
L.sericata.49.png	L.sericata	Calliphoridae	0.512405852	2.397790782	0.803268011	2.033850532	-2.371937321	1.175806855	-0.390276815	1.781029315	0.955667497	0.356760627	-1.28523322	-0.63067137	-0.046625671	-1.34356049	-1.006526223	-4.476833672	-2.27869137	-0.116475038	0.34576439	-0.186076283	-1.003018322	0.09074991	0.863666961	-0.331741226	0
L.sericata.50.png	L.sericata	Calliphoridae	0.2271232	-0.211211286	0.651264986	2.566633259	-3.149968824	2.110116396	-1.126037815	-0.105968862	-0.204406515	1.792721628	0.626900645	-0.325483258	0.729752367	0.169718683	-0.37991892	-1.956649684	-2.673034508	0.694569866	0.297263629	0.079142525	0.797075223	0.085664696	0.122892581	1.048525159	0
L.sericata.52.png	L.sericata	Calliphoridae	1.192280869	0.748049085	0.833915417	2.602105381	-2.498769886	0.991355552	-0.293725244	-1.425009587	-0.836114427	-0.512074401	-0.031933015	0.324024425	1.75217893	0.66418683	-1.802093993	-2.109438741	-2.176784404	1.520723286	-0.336779471	0.279648954	-1.005311133	0.058821374	1.49726019	-0.138828397	0
L.sericata.55.png	L.sericata	Calliphoridae	0.37232156	-0.331498892	0.639452756	3.188026163	-0.939506559	1.592549921	-0.634222666	0.083804109	-0.327020689	0.038672333	1.832024736	0.061112186	0.724148349	-0.701613594	-0.257941711	-2.682447701	-1.930839216	-0.205385139	0.345173783	-0.229441948	0.056104573	-0.946073481	0.451550594	1.600764297	0
L.sericata.58.png	L.sericata	Calliphoridae	1.650779734	-1.578544123	1.381033331	2.595733854	-2.493562757	1.922518426	-0.182399177	0.072937705	0.58269856	0.361257549	0.407213857	0.042104306	2.054732232	-1.630408985	-0.905797297	-3.388928847	-3.640808611	0.866941596	0.15675863	-0.359644746	0.337134867	0.023910392	0.282755977	-0.662889717	0
L.sericata.65.png	L.sericata	Calliphoridae	1.541397282	-0.091236657	0.452402235	3.27648463	-2.928937321	1.376093644	0.24663257	0.620854245	-0.073811541	1.393241649	0.726785797	-0.214156689	2.305971375	-1.372886343	0.308641661	-2.937678919	-3.56344187	0.108323289	1.252053263	-0.264478744	0.3858879	-0.56250627	-0.82447948	1.176888404	0
L.sericata.71.png	L.sericata	Calliphoridae	0.539150222	-1.490951344	-0.872771927	3.461028757	-2.35152464	1.957203572	0.222927878	1.647334894	1.848939192	0.049272638	1.325732323	-0.712113636	1.12642461	-0.811169807	-0.620137711	-1.959039825	-4.163006679	0.279749034	0.69906124	0.189367243	-0.585762698	0.52364104	-0.261656476	-1.162435487	0
L.sericata.77.png	L.sericata	Calliphoridae	1.559697071	-1.402807896	1.624598009	2.44919511	-1.762951133	0.021526613	-1.176336819	0.626521731	0.185808869	0.753641509	-0.042453032	-0.027145706	0.446013455	-0.370308945	-2.044917532	-1.9813262	-2.726028973	0.446634535	0.631234509	0.387936487	-0.315644348	0.515815905	-0.008385134	-0.225304898	0
L.sericata.78.png	L.sericata	Calliphoridae	2.110520062	1.171351789	1.897131704	2.423041066	-2.983069582	1.264737823	0.317669294	1.219083174	-0.547269805	0.799258422	-0.038752737	0.580795748	2.62917194	-2.455636294	-1.983667487	-3.275865784	-2.962672406	2.095364361	-1.131020348	0.364344047	-0.22129657	0.346317368	0.061680673	-0.761444094	0
L.sericata.92.png	L.sericata	Calliphoridae	0.349572866	-2.894046717	-0.259439555	2.162845786	-1.320974997	2.197506187	-2.468729985	0.463987585	-0.68139919	0.318603716	1.075182855	0.319171264	2.278295635	0.228547082	-0.070266907	-0.524293998	-2.251066907	0.312516191	-0.149935636	1.969355953	0.955114117	-1.866707321	-0.630334361	-0.418846612	0
L.sericata.94.png	L.sericata	Calliphoridae	0.812432154	-1.047247075	-0.222724289	2.937177578	-5.180193277	1.202297494	0.141785033	0.549413935	0.105357516	1.274325251	0.260411744	0.417468197	1.444727113	-0.056621078	0.054976481	-2.345122306	-4.599744184	1.221315047	0.971774137	1.408416249	-1.313892327	-0.974219508	0.902562217	0.586738591	0
L.sericata.95.png	L.sericata	Calliphoridae	1.485588025	0.540355982	1.351313494	2.030587855	-2.212708651	0.656942691	-0.848198705	-0.552425273	-0.65241361	-0.317700008	0.376397877	0.159435132	0.293823962	-0.326119876	0.312088332	-2.97394935	-3.441033141	-0.754274402	-0.094074501	0.432074955	0.417400324	-0.089339366	-0.111209444	0.888709201	0
Le.alba.1.png	Le.alba	Sarcophagidae	-7.245576578	-7.480488478	4.430879163	-1.485609734	-3.053632029	-3.836284329	0.696728782	1.078306952	1.565655084	0.789273606	2.999614122	0.552812681	-0.573972263	7.633136417	-1.587158709	0.603931761	1.19395273	-2.179779177	0.401650866	0.437358704	1.249735306	2.719027026	2.119812945	-0.275804818	0
Le.alba.5.png	Le.alba	Sarcophagidae	-8.131858798	-6.2956919	3.198242849	-2.276994429	-4.00936859	-2.729220515	1.404751192	1.525321459	0.144056375	0.544613751	-1.668388044	-0.020485902	-4.386395862	6.155245191	-1.873118699	0.24982344	-1.040060431	-0.525381474	3.542041927	0.612053934	-1.963224012	4.440628022	1.965998948	1.413518709	0
S.princeps.4.png	S.princeps	Sarcophagidae	-5.518718801	-5.764682182	-1.219819953	-2.679748218	3.633113119	2.320427195	-1.832778215	-1.306700025	-0.875243265	1.659238642	0.954739883	2.219996636	1.988499341	7.062177957	0.390071374	0.436817746	-1.751970237	0.393696471	-0.389683066	-0.293537732	-0.174002247	0.068270268	-1.199348653	1.988771638	0
S.princeps.6.png	S.princeps	Sarcophagidae	-3.107053773	-7.69344812	-2.409964817	-0.379419686	2.647740099	2.278660046	-0.661973324	-1.899779441	-0.114811233	-0.76547169	1.648646607	0.653244822	-0.61823779	7.619183631	0.768774899	0.620123036	-1.975209924	-1.488248802	1.319993698	-0.602601073	-1.684456076	0.257545172	-0.082654866	2.920414551	0
Sy.nudiseta.1.png	Sy.nudiseta	Muscidae	-9.427552962	4.820956041	-1.437429192	-0.448517543	0.647982225	0.366924878	-0.273812432	-1.083841308	0.138787223	1.698436814	-0.377306173	-0.864605992	15.2108496	-0.54059265	1.852504449	0.167342842	1.31024801	0.929333122	-0.33205345	-0.349569598	-0.534817127	0.800488125	-0.854122455	1.812390415	0
Sy.nudiseta.11.png	Sy.nudiseta	Muscidae	-11.45664778	5.317406974	0.525099172	0.678393316	0.409916297	0.445794679	0.45424873	0.350927153	-1.1471032	0.74770238	0.403103447	1.06189162	15.8071831	-1.268671906	3.804664243	-0.102848303	0.168125398	1.296019259	-0.817390124	-1.118469481	0.298770644	1.348459878	0.654572218	0.275439027	0
Sy.nudiseta.19.png	Sy.nudiseta	Muscidae	-10.77912572	5.528743118	-1.584182908	0.047728074	-0.079997552	-0.104503803	0.64741499	-0.968681614	0.237253771	0.229060296	0.301881141	0.202573809	15.54221472	-1.081112123	3.672124207	0.515013364	-0.109975141	0.510142645	-0.697964521	0.707534706	0.228594656	0.833008137	-0.091109238	-1.251398905	0
Sy.nudiseta.21.png	Sy.nudiseta	Muscidae	-10.41086757	5.716312796	0.615242959	-1.477643373	0.238250492	-0.665688465	-0.842178514	-0.193207331	0.726896914	0.125433672	1.891136998	1.039583512	15.53542967	-1.046446204	2.525377255	-0.121637557	0.081189913	0.419923219	0.118058539	-1.005699378	-0.042676079	0.519522119	-0.49393674	0.977710545	0
Sy.nudiseta.24.png	Sy.nudiseta	Muscidae	-10.88783426	3.223043094	-1.494161081	-1.085192578	-0.437551366	0.536086772	-1.294820022	0.420039329	-0.79960957	0.761453894	-0.986996564	-0.748449907	16.06678839	-0.532192395	2.732881372	0.556165381	1.1691485	1.656333779	-0.233036249	-0.026717915	1.368450067	0.589286749	1.468897186	1.179110292	0
Sy.nudiseta.33.png	Sy.nudiseta	Muscidae	-9.636663954	2.890498856	-1.572410571	-1.973800347	1.719664386	-2.24127881	1.393544864	-0.263838406	-0.375737463	0.754618293	1.352133778	0.356518936	15.48293573	-0.079818101	0.477878906	0.125922602	-0.171443371	0.070966871	0.873537136	1.640677796	-0.736223911	-0.339768363	-0.24476898	0.12572573	0
Sy.nudiseta.35.png	Sy.nudiseta	Muscidae	-10.78876967	4.577634484	0.293197919	-0.070489939	0.736597603	-0.483768131	0.018260141	-1.660147882	-0.299771962	1.726749879	-1.52956916	0.929837199	14.15694985	-1.251655041	2.848007559	0.671675367	-0.110364261	0.86379216	-0.883287672	0.48311598	0.116098468	0.04510516	0.369482579	-0.191639332	0
Sy.nudiseta.47.png	Sy.nudiseta	Muscidae	-9.519060662	3.420573191	0.664320881	0.296655506	-0.744970026	0.606500048	-0.158521865	-1.110042714	0.057192735	1.136478771	0.61907329	1.930124954	15.39842315	-1.937751061	2.133132806	-0.459538039	-0.64534514	1.975613633	-0.269854271	-0.931695561	0.338293552	0.452517213	-0.042512861	0.436072665	0
Sy.nudiseta.48.png	Sy.nudiseta	Muscidae	-9.773666519	3.844856947	-1.225599884	-0.336271929	-0.691728344	-0.697237761	-1.033004568	1.118037401	0.779536071	-0.93477128	1.250388387	0.9300591	14.32461435	-2.569594304	2.947133748	-0.477248952	0.851108389	0.766182057	-0.144578383	0.493307327	0.077761416	1.119566959	-0.118513685	0.697310126	0
Sy.nudiseta.58.png	Sy.nudiseta	Muscidae	-9.82445245	4.210342286	1.511556065	-0.183820804	-0.089497909	0.206608477	-1.304006416	-0.007349698	0.024367353	-2.301509578	0.671937779	2.220746775	16.64742016	-2.394280653	-1.190091913	-1.891604534	1.009904227	-2.168175945	-4.820090624	2.677690342	-1.297512566	3.330988504	1.219074281	-1.878521795	0
Sy.nudiseta.60.png	Sy.nudiseta	Muscidae	-9.473701148	2.627266878	2.271099022	0.985453187	-0.894624181	0.144008213	0.878085258	1.965093692	-0.659111362	-1.233966485	-0.037506267	-1.431928635	14.44284575	-1.743693278	2.199752861	0.417340914	1.159243462	-0.065606099	2.771926608	-0.300980008	0.040534803	0.269167792	-0.755994691	0.510680878	0
Sy.nudiseta.65.png	Sy.nudiseta	Muscidae	-8.483609687	1.860214546	1.133724568	1.189790294	0.087137781	-0.545624332	-0.49724638	-1.144110524	0.242883748	-0.54583559	0.614289693	0.080309415	14.2140506	-1.208305914	2.129643793	0.169566949	0.05363709	0.012729535	0.995181435	1.728209886	0.15345784	-0.165172769	-0.089493269	-1.241890429	0
Sy.nudiseta.76.png	Sy.nudiseta	Muscidae	-8.047880229	1.95301993	1.497651417	0.573553544	1.452299394	0.822928484	2.201997837	-0.807602985	-1.399909855	1.164202096	-1.504634988	-0.644320238	16.78019858	-2.721694887	2.156303854	1.282068965	2.777412295	0.454596272	-0.414043319	0.623303154	-0.111443226	0.221481321	-0.008195385	-0.98701428	0
Sy.nudiseta.84.png	Sy.nudiseta	Muscidae	-7.555907808	2.536844007	-0.688231937	-0.752199754	0.681711729	-1.661235962	-0.500329455	0.763877941	-0.037602095	-0.655082849	-0.013681939	1.422646217	15.12380293	-1.491039582	2.524998067	-0.150664097	1.747409298	-0.217235468	0.814520541	0.919753326	-0.956792201	-0.125140701	-0.293137945	0.047024631	0
Sy.nudiseta.86.png	Sy.nudiseta	Muscidae	-9.940375044	4.093061593	0.125709081	0.103779297	-0.576132785	-0.000419631	-1.245447501	1.550942355	1.527448139	-0.834271468	0.563523056	-0.212880806	15.35881985	-2.482092642	2.259028347	-0.726364257	2.005365523	0.705792261	0.359330813	0.540184504	-0.901602719	0.436138303	-0.029141587	-0.628835457	0
Sy.nudiseta.90.png	Sy.nudiseta	Muscidae	-10.88170924	2.848912964	-0.658273282	0.711941968	0.818016147	-0.206605143	-1.101974619	-1.315562428	-0.201757681	1.219830955	-0.101595861	-0.738747823	15.37239076	-0.306425822	2.360764566	0.529086735	0.59634503	-0.973881334	0.688707179	0.147730495	-0.508914839	-1.352601063	-0.625556367	1.032132811	0
Sy.nudiseta.91.png	Sy.nudiseta	Muscidae	-8.590240352	3.063862921	-1.499183244	-0.402478165	1.092408849	0.688201048	0.199329883	0.209942406	0.467457628	-0.437204311	-1.321651089	0.71087157	15.41897094	-0.791890481	1.546886368	0.028692238	-0.307738532	-0.607711295	-0.420306894	0.809562552	0.108570205	0.424801416	-1.190010018	-0.401851854	0
Sy.nudiseta.92.png	Sy.nudiseta	Muscidae	-7.999735864	0.571272533	1.473439569	0.501935189	-0.570516233	0.207875048	0.543964427	2.017426943	0.66686792	-1.571315586	-0.931688544	-0.052364966	17.04508963	1.129912011	1.878055101	0.408858352	2.473848181	-0.358615177	0.652044468	-1.53449798	0.68069148	-1.206450278	-0.185902869	-1.136425771	0
Sy.nudiseta.93.png	Sy.nudiseta	Muscidae	-8.508599435	4.616081404	-0.400197465	-0.137048969	1.102614518	-0.573896779	-0.94714851	-1.275478582	0.761290334	-0.282672612	-1.454089986	1.656258901	14.79666881	-2.071237807	2.094630627	-0.741394558	0.934633241	-0.027232865	0.295573761	0.178172141	-0.192887321	-0.234002616	-0.777837464	-0.559180426	0
Z.aquila.12.png	Z.aquila	Sarcophagidae	-5.930839637	-8.306801731	0.454094566	-1.865420928	0.862098356	1.111746982	0.708821138	0.149144321	-1.269729771	-1.246805896	-0.16740024	0.193409015	2.300247603	6.749963647	-3.232698049	1.753562373	-0.447020508	-2.209136368	-1.429144595	1.944308653	0.357170915	-0.431961147	-0.516282695	0.63345386	0
Z.aquila.3.png	Z.aquila	Sarcophagidae	-4.643501684	-7.1638229	0.86218202	-0.742408213	2.788054001	0.484938724	-1.008058718	-1.57148656	0.742329611	-1.759521842	0.234578992	-1.029786618	1.445139321	5.821101802	-3.408610587	1.871876816	0.223257633	-4.529968481	-0.891712328	1.545832172	0.814936989	-0.184631787	0.056945369	0.463075016	0
Z.aquila.9.png	Z.aquila	Sarcophagidae	-4.895803803	-7.024650408	0.334669867	0.699035953	0.993525152	0.676041275	-0.719165076	-1.955434979	-2.25880553	-3.077032067	3.156596323	-1.662899327	3.011485455	6.933094191	-0.671929902	1.689747882	-0.589983108	-2.741183347	-3.995481659	1.158925043	0.820413605	-0.865651986	0.063973338	-0.167152848	0